URL,Titre,Prix,Année,Kilométrage,Carburant,Boite de vitesses,Marque,Modèle
https://www.avito.ma/fr/maarif/voitures_d_occasion/PORSCHE_CAYENNE_55969636.htm,PORSCHE CAYENNE,720000 DH,2020,85000,Diesel,Automatique,N/A,N/A
https://www.avito.ma/fr/maarif/voitures_d_occasion/BMW_Série_740_55743356.htm,BMW Série 740,350000 DH,2017,110000,Diesel,Automatique,N/A,N/A
https://www.avito.ma/fr/maarif/voitures_d_occasion/Porsche_Macan_S_57262633.htm,Porsche Macan S,480000 DH,2018,100000,Diesel,Automatique,N/A,N/A
https://www.avito.ma/fr/ain_sebaa/voitures_d_occasion/Hyundai_Creta_1_5_MPi_115_AT_Premium_57306045.htm,Hyundai Creta 1.5 MPi 115 AT Premium,207000 DH,2024,38038,Essence,Automatique,N/A,N/A
https://www.avito.ma/fr/maarif/voitures_d_occasion/PORSCHE_MACAN_PACK_GTS_57189897.htm,PORSCHE MACAN PACK GTS,650000 DH,2024,50000,Essence,Automatique,N/A,N/A
https://www.avito.ma/fr/oued_fès/voitures_d_occasion/Ford_Fiesta_Diesel_2021_57746738.htm,Ford Fiesta Diesel 2021,160000 DH,2021,87000,Diesel,Manuelle,N/A,N/A
https://www.avito.ma/fr/ain_sebaa/voitures_d_occasion/Dacia_Duster_1_5_dCi_110_EDC_Prestige_50409842.htm,Dacia Duster 1.5 dCi 110 EDC Prestige,239000 DH,2024,90000,Diesel,Automatique,N/A,N/A
https://www.avito.ma/fr/centre_ville/voitures_d_occasion/LAND_ROVER_RANGE_ROVER_SPORT_2017_56565619.htm,LAND-ROVER RANGE ROVER SPORT 2017,290000 DH,2017,162501,Diesel,Automatique,N/A,N/A
https://www.avito.ma/fr/centre_ville/voitures_d_occasion/Mercedes_Benz_Classe_C_2020_en_très_bon_état_57765468.htm,Mercedes Benz Classe C 2020 en très bon état,0 DH,2020,690000,Diesel,Automatique,N/A,N/A
https://www.avito.ma/fr/maroc/voitures_d_occasion-à_vendre,Voitures d'occasion    à vendre au  Maroc : 99915 annonces,N/A,N/A,km km,Diesel Essence Electrique LPG Hybride,Automatique Manuelle,CHOISIR  - MODÈLE CHEVRONRIGHT ICON,CHOISIR MARQUE -  CHEVRONRIGHT ICON
https://www.avito.ma/fr/maarif/voitures_d_occasion/RANGE_ROVER_VOGUE_HSE_56510562.htm,RANGE ROVER VOGUE HSE,540000 DH,2019,100000,Diesel,Automatique,N/A,N/A
https://www.avito.ma/fr/berrechid/voitures_d_occasion/Dossan_et_Volvo_à_vendre_et_à_louer_57795283.htm,Dossan et Volvo à vendre et à louer,0 DH,2015,N/A,Diesel,N/A,N/A,DESCRIPTION
https://www.avito.ma/fr/hay_salam/voitures_d_occasion/LAND_ROVER_RANGE_ROVER_EVOQUE_2018_57270175.htm,LAND-ROVER RANGE ROVER EVOQUE 2018,235000 DH,2017,171000,Diesel,Automatique,N/A,N/A
https://www.avito.ma/fr/gauthier/voitures_d_occasion/Ford_Mustang_Essence_Automatique_2020_à_Casablanca_57282619.htm,Ford Mustang Essence Automatique 2020 à Casablanca,320000 DH,2020,95000,Essence,Automatique,N/A,N/A
https://www.avito.ma/fr/sidi_bernoussi/voitures_d_occasion/Omoda_C5_1_5L_ESS_CVT_LUX_avec_TOIT_56766115.htm,Omoda C5 1.5L ESS CVT LUX avec TOIT,0 DH,2024,5000,Essence,Automatique,N/A,N/A
https://www.avito.ma/fr/ain_sebaa/voitures_d_occasion/Mercedes_GLE_2023_à_Vendre_en_très_bon_état_57770875.htm,Mercedes GLE 2023 à Vendre en très bon état,0 DH,2023,19000,Diesel,Automatique,N/A,N/A
https://www.avito.ma/fr/maarif/voitures_d_occasion/Range_Rover_Bb_velar_55965716.htm,Range Rover Bb velar,340000 DH,2020,95000,Diesel,Automatique,N/A,N/A
https://www.avito.ma/fr/maarif/voitures_d_occasion/Range_Rover_Vogue_SD_V8_57518324.htm,Range Rover Vogue SD V8,300000 DH,2015,150000,Diesel,Automatique,N/A,N/A
https://www.avito.ma/fr/anfa/voitures_d_occasion/AUDI_A4_Diesel_Automatique_2021_57189187.htm,AUDI A4 Diesel Automatique 2021,295000 DH,2021,117501,Diesel,Automatique,N/A,N/A
https://www.avito.ma/fr/biranzarane/voitures_d_occasion/Audi_Q3_Sportback_S_line_diesel_automatique_2024_56822970.htm,Audi Q3 Sportback S-line diesel automatique 2024,0 DH,2024,50000,Diesel,Automatique,N/A,N/A
https://www.avito.ma/fr/centre_ville/voitures_d_occasion/Renault_Megane_Diesel_Automatique_2020_à_Marrakech_57413142.htm,Renault Megane Diesel Automatique 2020 à Marrakech,0 DH,2020,95000,Diesel,Automatique,N/A,N/A
https://www.avito.ma/fr/oulfa/voitures_d_occasion/BMW_Série_3_Diesel_Automatique_2014_à_Casablanca_57684498.htm,BMW Série 3 Diesel Automatique 2014 à Casablanca,160000 DH,2014,144000,Diesel,Automatique,N/A,N/A
https://www.avito.ma/fr/maarif/voitures_d_occasion/Audi_A6_57418721.htm,Audi A6,400000 DH,2021,90000,Diesel,Automatique,N/A,N/A
https://www.avito.ma/fr/ain_sebaa/voitures_d_occasion/Renault_Megane_1_5_dCi_110_Explore_EDC_55834006.htm,Renault Megane 1.5 dCi 110 Explore EDC,229000 DH,2023,90000,Diesel,Automatique,N/A,N/A
https://www.avito.ma/fr/maarif/voitures_d_occasion/MINI_COUNTRYMAN_COOPER_S_57040286.htm,MINI COUNTRYMAN COOPER S,380000 DH,2021,70000,Hybride,Automatique,N/A,N/A
https://www.avito.ma/fr/massira_1/voitures_d_occasion/HYUNDAI_ACCENT_09_2022_à_Marrakech_48430633.htm,HYUNDAI ACCENT 09-2022 à Marrakech,0 DH,2022,190000,Diesel,Automatique,N/A,N/A
https://www.avito.ma/fr/californie/voitures_d_occasion/DODGE_CHARGER_Essence_Automatique_2021_56986903.htm,DODGE CHARGER Essence Automatique 2021,380000 DH,2021,109000,Essence,Automatique,N/A,N/A
https://www.avito.ma/fr/californie/voitures_d_occasion/VOLKSWAGEN_TIGUAN_2_0_TDI_150_DSG_Carat_2020_56679898.htm,VOLKSWAGEN TIGUAN 2.0 TDI 150 DSG Carat 2020,305000 DH,2020,95001,Diesel,Automatique,N/A,N/A
https://www.avito.ma/fr/riviera/voitures_d_occasion/Mercedes_GLA_220d_2026_Amg_Line_0_Km_57575709.htm,This site can’t be reached,N/A,N/A,N/A,N/A,N/A,N/A,N/A
https://www.avito.ma/fr/maarif/voitures_d_occasion/PORSCHE_MACAN_S_55550352.htm,PORSCHE MACAN S,370000 DH,2015,70000,Diesel,Automatique,N/A,N/A
https://www.avito.ma/fr/maarif/voitures_d_occasion/AUDI_A1_S_LINE_54864395.htm,AUDI A1 S-LINE,200000 DH,2017,75000,Essence,Automatique,N/A,N/A
https://www.avito.ma/fr/centre_ville/voitures_d_occasion/Skoda_Kodiaq_Diesel_Automatique_2024_à_Marrakech_57502837.htm,Skoda Kodiaq Diesel Automatique 2024 à Marrakech,0 DH,2024,73000,Diesel,Automatique,N/A,N/A
https://www.avito.ma/fr/autre_secteur/voitures_d_occasion/LAND_ROVER_RANGE_ROVER_VELAR_2018_57238727.htm,LAND-ROVER RANGE ROVER VELAR 2018,360000 DH,2024,155803,Diesel,Automatique,N/A,N/A
https://www.avito.ma/fr/autre_secteur/voitures_d_occasion/Volkswagen_Tiguan_57764042.htm,Volkswagen Tiguan,380000 DH,2023,38000,Diesel,Automatique,N/A,N/A
https://www.avito.ma/fr/maarif/voitures_d_occasion/Volkswagen_Touareg_EXTREME_56991738.htm,Volkswagen Touareg EXTREME,400000 DH,2020,110000,Diesel,Automatique,N/A,N/A
https://www.avito.ma/fr/centre_ville/voitures_d_occasion/AUDI_A6_Diesel_Automatique_2017_56680515.htm,AUDI A6 Diesel Automatique 2017,235000 DH,2017,166000,Diesel,Automatique,N/A,N/A
https://www.avito.ma/fr/maarif/voitures_d_occasion/JEEP_GRAND_CHEROKEE_56598783.htm,JEEP GRAND CHEROKEE,280000 DH,2023,80000,Diesel,Automatique,N/A,N/A
https://www.avito.ma/fr/maarif/voitures_d_occasion/AUDI_Q8_S_LINE_57083736.htm,AUDI Q8 S-LINE,850000 DH,2023,85000,Diesel,Automatique,N/A,N/A
https://www.avito.ma/fr/abdelmoumen/voitures_d_occasion/Skoda_Octavia_Diesel_Automatique_2020_57771387.htm,Skoda Octavia Diesel Automatique 2020,215000 DH,2020,135000,Diesel,Automatique,N/A,N/A
https://www.avito.ma/fr/autre_secteur/voitures_d_occasion/Peugeot_3008_Diesel_Automatique_2020_à_Temara_57699447.htm,Peugeot 3008 Diesel Automatique 2020 à Temara,0 DH,2020,130000,Diesel,Automatique,N/A,N/A
https://www.avito.ma/fr/lissasfa/voitures_d_occasion/Ford_Kuga_Diesel_Automatique_2021_à_Casablanca_57776619.htm,Ford Kuga Diesel Automatique 2021 à Casablanca,269000 DH,2021,65941,Diesel,Automatique,N/A,N/A
https://www.avito.ma/fr/annakhil/voitures_d_occasion/Vends_Clio_4_Diesel_57795587.htm,Vends Clio 4 Diesel,139000 DH,2021,156239,Diesel,Automatique,N/A,N/A
https://www.avito.ma/fr/anfa/voitures_d_occasion/Ferrari_Portofino_M_Cabriolet_2022_57606755.htm,Ferrari Portofino M Cabriolet 2022,1950000 DH,2022,48000,Essence,Automatique,N/A,N/A
https://www.avito.ma/fr/massar/voitures_d_occasion/Land_Rover_Range_Rover_Vogue_Diesel_Automatique_57723436.htm,Land Rover Range Rover Vogue Diesel Automatique,0 DH,2018,110000,Diesel,Automatique,N/A,N/A
https://www.avito.ma/fr/larache/voitures_d_occasion/Hyundai_i10_Essence_Automatique_2023_à_Larache_57795531.htm,Hyundai i10 Essence Automatique 2023 à Larache,128000 DH,2023,59000,Essence,Automatique,N/A,N/A
https://www.avito.ma/fr/av_mohammed_v/voitures_d_occasion/Cayenne_Coupé_non_immatriculé_57602404.htm,Cayenne Coupé non immatriculé,575000 DH,2021,64000,Hybride,Automatique,N/A,N/A
https://www.avito.ma/fr/maroc/voitures_d_occasion-à_vendre,Voitures d'occasion    à vendre au  Maroc : 99932 annonces,N/A,N/A,km km,Diesel Essence Electrique LPG Hybride,Automatique Manuelle,CHOISIR  - MODÈLE CHEVRONRIGHT ICON,CHOISIR MARQUE -  CHEVRONRIGHT ICON
https://www.avito.ma/fr/centre_ville/voitures_d_occasion/CHANGAN_CS55_Plus_1_5_Turbo_181_AT_Exclusive_2024_57159808.htm,CHANGAN CS55 Plus 1.5 Turbo 181 AT Exclusive 2024,270000 DH,2024,11051,Essence,Automatique,N/A,N/A
https://www.avito.ma/fr/m_hamid/voitures_d_occasion/Mercedes_Benz_220_Diesel_Automatique_2014_à_Marrakech_57533172.htm,Mercedes-Benz 220 Diesel Automatique 2014 à Marrakech,252000 DH,2014,220000,Diesel,Automatique,N/A,N/A
https://www.avito.ma/fr/ain_sebaa/voitures_d_occasion/Peugeot_208_1_6_HDi_92_Allure_Pack_55834011.htm,Peugeot 208 1.6 HDi 92 Allure Pack,192000 DH,2023,55357,Diesel,Automatique,N/A,N/A
https://www.avito.ma/fr/centre_ville/voitures_d_occasion/VOLVO_XC40_Essence_Automatique_2022_57161935.htm,VOLVO XC40 Essence Automatique 2022,250000 DH,2022,83516,Essence,Automatique,N/A,N/A
https://www.avito.ma/fr/zone_industrielle_sidi_ghanem/voitures_d_occasion/Range_Rover_Sport_Dynamic_SE_2023_57532256.htm,Range Rover Sport Dynamic SE 2023,0 DH,2023,66000,Diesel,Automatique,N/A,N/A
https://www.avito.ma/fr/ain_sebaa/voitures_d_occasion/Citroën_c4_diesel_Shine_57658581.htm,Citroën c4 diesel Shine,0 DH,2024,36000,Diesel,Automatique,N/A,N/A
https://www.avito.ma/fr/sidi_ghanem/voitures_d_occasion/Porsche_cayenne_Turbo_GT_2022_57141434.htm,Porsche cayenne Turbo GT 2022,0 DH,2022,20000,Essence,Automatique,N/A,N/A
https://www.avito.ma/fr/racine/voitures_d_occasion/LEXUS_RX_Hybride_Automatique_2020_56586778.htm,LEXUS RX Hybride Automatique 2020,350000 DH,2020,50000,Hybride,Automatique,N/A,N/A
https://www.avito.ma/fr/riviera/voitures_d_occasion/Mercedes_Classe_E_300de_Hybride_diesel_2026_0km_57338083.htm,Mercedes Classe E 300de Hybride diesel 2026 0km,0 DH,2026,0,Diesel,Automatique,N/A,N/A
https://www.avito.ma/fr/najd/voitures_d_occasion/Touareg_R_Line_modèle_2022_excellent_état_57393791.htm,Touareg R Line modèle 2022 excellent état,0 DH,2022,173000,Diesel,Automatique,N/A,
https://www.avito.ma/fr/belvédère/voitures_d_occasion/PEUGEOT_308_DIESEL_MANUELLE_57765909.htm,PEUGEOT 308 DIESEL MANUELLE,144000 DH,2018,148000,Diesel,Manuelle,N/A,N/A
https://www.avito.ma/fr/les_cretes/voitures_d_occasion/Range_Rover_Sport_Autobiographie_57196888.htm,Range Rover Sport Autobiographie,560000 DH,2019,149000,Diesel,Automatique,N/A,N/A
https://www.avito.ma/fr/zone_industrielle_sidi_ghanem/voitures_d_occasion/Mercedes_Benz_Classe_C_220_pack_Amg_2024_57781694.htm,Mercedes-Benz Classe C 220 pack Amg 2024,0 DH,2024,39000,Diesel,Automatique,N/A,N/A
https://www.avito.ma/fr/belvédère/voitures_d_occasion/CITROËN_C4_DIESEL_MANUELLE_57740092.htm,CITROËN C4 DIESEL MANUELLE,128000 DH,2016,76000,Diesel,Manuelle,N/A,N/A
https://www.avito.ma/fr/hassan/voitures_d_occasion/Citroën_c4_diesel_automatique_shine_avec_toit_57183014.htm,Citroën c4 diesel automatique shine avec toit,260000 DH,2025,25000,Diesel,Automatique,N/A,N/A
https://www.avito.ma/fr/maarif/voitures_d_occasion/Volkswagen_Golf_8_GTI_2025_57747600.htm,Volkswagen Golf 8 GTI 2025,375000 DH,2025,16000,Essence,Automatique,N/A,N/A
https://www.avito.ma/fr/autre_secteur/voitures_d_occasion/Range_Rover_Velar_R_Dynamic_Diesel_57224714.htm,Range Rover Velar R Dynamic Diesel,"Je mets en vente une magnifique Range Rover Velar modèle 2017, finition R-Dynamic D240 en excellent état.
Voiture propre, bien entretenue et toujours utilisée avec soin.

Caractéristiques principales :

Année : 2017

Kilométrage : 142 000 km

Finition : R-Dynamic

Couleur : Gris métallisé

Toit panoramique

LED d’ambiance intérieur

Système audio Meridian

Moteur puissant et économique

Transmission fluide

Intérieur luxe avec sièges en cuir

Écran tactile, navigation, caméras, bluetooth

Jantes sport R-Dynamic

Aides à la conduite & sécurité avancée

Véhicule jamais accidenté


Entretien :

Aucun frais à prévoir


Prix : 350 000 DH (négociable)

SUV premium, élégant et performant — idéal pour un conducteur exigeant.",2017,140000,Diesel,Automatique,N/A,N/A
https://www.avito.ma/fr/bourgogne/voitures_d_occasion/Mercedes_E220_pack_AMG_M_2022_km_57000_51786952.htm,Mercedes E220 pack AMG M 2022 km 57000,535000 DH,2022,56000,Diesel,Automatique,N/A,N/A
https://www.avito.ma/fr/el_haddada/voitures_d_occasion/BMW_X3_Diesel_Automatique_2018_à_Kénitra_57247450.htm,BMW X3 Diesel Automatique 2018 à Kénitra,310000 DH,2018,140000,Diesel,Automatique,N/A,N/A
https://www.avito.ma/fr/lissasfa/voitures_d_occasion/Peugeot_508_Diesel_Automatique_2022_à_Casablanca_57776583.htm,Peugeot 508 Diesel Automatique 2022 à Casablanca,260000 DH,2022,114252,Diesel,Automatique,N/A,N/A
https://www.avito.ma/fr/2_mars/voitures_d_occasion/Lexus_NX_Hybride_Automatique_2021_à_Casablanca_57304972.htm,Lexus NX Hybride Automatique 2021 à Casablanca,315000 DH,2021,65000,Hybride,Automatique,N/A,N/A
https://www.avito.ma/fr/hamria/voitures_d_occasion/Glc_220d_4_matic_2020_57795606.htm,Glc 220d 4 matic 2020,360000 DH,2020,242000,Diesel,Automatique,N/A,N/A
https://www.avito.ma/fr/abdelmoumen/voitures_d_occasion/Hyundai_i30_Diesel_Automatique_2022_à_Casablanca_57771312.htm,Hyundai i30 Diesel Automatique 2022 à Casablanca,217000 DH,2022,145000,Diesel,Automatique,N/A,N/A
https://www.avito.ma/fr/centre_ville/voitures_d_occasion/SEAT_ARONA_Diesel_Manuelle_2023_57049626.htm,SEAT ARONA Diesel Manuelle 2023,206000 DH,2023,28642,Diesel,Manuelle,N/A,N/A
https://www.avito.ma/fr/medina/voitures_d_occasion/SKODA_KODIAQ_Diesel_Automatique_2019_à_Rabat_57245125.htm,SKODA KODIAQ Diesel Automatique 2019 à Rabat,225000 DH,2019,149000,Diesel,Automatique,N/A,N/A
https://www.avito.ma/fr/tanja_balia/voitures_d_occasion/Mercedes_Bluetec_C_220_à_vendre_57765573.htm,Mercedes Bluetec C 220 à vendre,26500000 DH,2015,195,Diesel,Automatique,N/A,N/A
https://www.avito.ma/fr/centre_ville/voitures_d_occasion/Peugeot_208_à_vendre____comme_neuve_57692989.htm,Peugeot 208 à vendre... comme neuve,109000 DH,2017,74000,Diesel,Manuelle,N/A,N/A
https://www.avito.ma/fr/hay_mohammadi/voitures_d_occasion/PEUGEOT_208_Diesel_Manuelle_2019_56603019.htm,PEUGEOT 208 Diesel Manuelle 2019,134000 DH,2019,87501,Diesel,Manuelle,N/A,N/A
https://www.avito.ma/fr/guich_oudaya/voitures_d_occasion/Jeep_Grand_Cherokee_57709032.htm,Jeep Grand Cherokee,158000 DH,2017,154000,Diesel,Automatique,N/A,N/A
https://www.avito.ma/fr/anfa/voitures_d_occasion/E_Coupé_52000km_2019_AMG_Line_Plus_57742539.htm,E Coupé 52000km 2019 AMG Line Plus,495000 DH,2019,52000,Diesel,Automatique,N/A,N/A
https://www.avito.ma/fr/ain_sebaa/voitures_d_occasion/Toyota_Corolla_Hybride_Automatique_2020_57302935.htm,Toyota Corolla Hybride Automatique 2020,218000 DH,2020,70000,Hybride,Automatique,N/A,N/A
https://www.avito.ma/fr/tétouan/voitures_d_occasion/Jeep_Renegade_Diesel_Automatique_2017_à_Tétouan_57791079.htm,Jeep Renegade Diesel Automatique 2017 à Tétouan,172000 DH,2017,220000,Diesel,Automatique,N/A,N/A
https://www.avito.ma/fr/salé/voitures_d_occasion/Mercedes_C_220_à_vendre_57155138.htm,Mercedes C 220 à vendre,240000 DH,2014,260000,Diesel,Automatique,N/A,N/A
https://www.avito.ma/fr/hamria/voitures_d_occasion/Dacia_Dokker_à_vendre_57795568.htm,Dacia Dokker à vendre,145000 DH,2019,122,Diesel,Manuelle,N/A,N/A
https://www.avito.ma/fr/lissasfa/voitures_d_occasion/Toyota_RAV_4_Diesel_Automatique_2021_à_Casablanca_57776660.htm,Toyota RAV-4 Diesel Automatique 2021 à Casablanca,245000 DH,2021,102109,Diesel,Automatique,N/A,N/A
https://www.avito.ma/fr/belvédère/voitures_d_occasion/Land_Rover_Range_Rover_Velar_Diesel_Automatique_57775178.htm,Land Rover Range Rover Velar Diesel Automatique,0 DH,2020,95000,Diesel,Automatique,N/A,N/A
https://www.avito.ma/fr/2_mars/voitures_d_occasion/Lexus_UX_Hybride_Automatique_2021_à_Casablanca_57372527.htm,Lexus UX Hybride Automatique 2021 à Casablanca,290000 DH,2021,80000,Hybride,Automatique,N/A,N/A
https://www.avito.ma/fr/agdal/voitures_d_occasion/BELLE_SUBARU_LEGACY_REPRISE_OK_56823822.htm,BELLE SUBARU LEGACY REPRISE OK,90000 DH,2012,170000,Essence,Automatique,N/A,N/A
https://www.avito.ma/fr/agdal/voitures_d_occasion/voiture_à_vendre_57786630.htm,voiture à vendre,300000 DH,2021,122000,Diesel,Automatique,N/A,N/A
https://www.avito.ma/fr/autre_secteur/voitures_d_occasion/3008_Allure_Diesel_2017___Très_bon_état_57749783.htm,3008 Allure Diesel 2017 – Très bon état,190000 DH,2017,150000,Diesel,Manuelle,N/A,N/A
https://www.avito.ma/fr/2_mars/voitures_d_occasion/Lexus_NX_Hybride_Automatique_2021_à_Casablanca_57304972.htm,Lexus NX Hybride Automatique 2021 à Casablanca,315000 DH,2021,65000,Hybride,Automatique,N/A,N/A
https://www.avito.ma/fr/el_houda/voitures_d_occasion/Hyundai_Tucson_Diesel_Automatique_2023_à_Agadir_57703043.htm,Hyundai Tucson Diesel Automatique 2023 à Agadir,0 DH,2023,80000,Diesel,Automatique,N/A,N/A
https://www.avito.ma/fr/autre_secteur/voitures_d_occasion/Peugeot_3008_Diesel_Automatique_2020_à_Temara_57699447.htm,Peugeot 3008 Diesel Automatique 2020 à Temara,0 DH,2020,130000,Diesel,Automatique,N/A,N/A
https://www.avito.ma/fr/jawhara/voitures_d_occasion/BMW_Série_5_diesel_automatique_2022_57609582.htm,BMW Série 5 diesel automatique 2022,0 DH,2022,70000,Diesel,Automatique,N/A,N/A
https://www.avito.ma/fr/les_orangers/voitures_d_occasion/BELLE_TOUAREG_V6_FAIBLE_KILOMÉTRAGE_145000KM_54055135.htm,BELLE TOUAREG V6 FAIBLE KILOMÉTRAGE 145000KM,135000 DH,2007,,Diesel,Automatique,N/A,N/A
https://www.avito.ma/fr/ain_sebaa/voitures_d_occasion/Peugeot_208_1_5_Allure_Pack_55845420.htm,Peugeot 208 1.5 Allure Pack,194000 DH,2023,80000,Diesel,Automatique,N/A,N/A
https://www.avito.ma/fr/biranzarane/voitures_d_occasion/VOLKSWAGEN_TIGUAN_DIESEL_AUTOMATIQUE_2018_57737573.htm,VOLKSWAGEN TIGUAN DIESEL AUTOMATIQUE 2018,0 DH,2018,180000,Diesel,Automatique,N/A,N/A
https://www.avito.ma/fr/el_houda/voitures_d_occasion/Audi_Q3_Diesel_Automatique_2024_à_Agadir_57002419.htm,Audi Q3 Diesel Automatique 2024 à Agadir,0 DH,2024,25000,Diesel,Automatique,N/A,N/A
https://www.avito.ma/fr/guich_oudaya/voitures_d_occasion/Jeep_Grand_Cherokee_57709032.htm,Jeep Grand Cherokee,158000 DH,2017,154000,Diesel,Automatique,N/A,N/A
https://www.avito.ma/fr/ain_sebaa/voitures_d_occasion/Citroën_c4_diesel_Shine_57658581.htm,Citroën c4 diesel Shine,0 DH,2024,36000,Diesel,Automatique,N/A,N/A
https://www.avito.ma/fr/maarif/voitures_d_occasion/CLE_220d_Cabriolet_PACK_AMG__Véhicule_Neuf_2026__55481882.htm,CLE 220d Cabriolet PACK AMG (Véhicule Neuf 2026),0 DH,2026,0,Diesel,Automatique,N/A,N/A
https://www.avito.ma/fr/guéliz/voitures_d_occasion/Mercedes_Benz_Classe_G_Essence_Automatique_2022_57615650.htm,Mercedes-Benz Classe G Essence Automatique 2022,3150000 DH,2022,3000,Essence,Automatique,N/A,N/A
https://www.avito.ma/fr/el_houda/voitures_d_occasion/Volkswagen_T_Roc_Diesel_Automatique_2024_à_Agadir_57196179.htm,Volkswagen T-Roc Diesel Automatique 2024 à Agadir,0 DH,2024,65000,Diesel,Automatique,N/A,N/A
https://www.avito.ma/fr/el_houda/voitures_d_occasion/STARTOP_AGADIR_met_en_vente_BMW_Série_5_Diesel_Automatique_2024_à_Agadir_57776673.htm,STARTOP AGADIR met en vente BMW Série 5 Diesel Automatique 2024 à Agadir,0 DH,2024,48000,Diesel,Automatique,N/A,N/A
https://www.avito.ma/fr/californie/voitures_d_occasion/Seat_Ateca_57736863.htm,Seat Ateca,298000 DH,2025,20000,Diesel,Automatique,N/A,N/A
https://www.avito.ma/fr/maroc/voitures_d_occasion-à_vendre,Voitures d'occasion    à vendre au  Maroc : 99941 annonces,N/A,N/A,km km,Diesel Essence Electrique LPG Hybride,Automatique Manuelle,CHOISIR  - MODÈLE CHEVRONRIGHT ICON,CHOISIR MARQUE -  CHEVRONRIGHT ICON
https://www.avito.ma/fr/biranzarane/voitures_d_occasion/VOLKSWAGEN_GOLF_8_STYLE_2022_57737608.htm,VOLKSWAGEN GOLF 8 STYLE 2022,0 DH,2022,50000,Diesel,Automatique,N/A,N/A
https://www.avito.ma/fr/2_mars/voitures_d_occasion/Toyota_CHR_Hybride_Automatique_2020_à_Casablanca_57497007.htm,Toyota CHR Hybride Automatique 2020 à Casablanca,188000 DH,2020,80000,Hybride,Automatique,N/A,N/A
https://www.avito.ma/fr/hay_el_fath/voitures_d_occasion/Dacia_Logan_Journey_57560555.htm,Dacia Logan Journey,156000 DH,2023,46532,Diesel,Manuelle,N/A,N/A
https://www.avito.ma/fr/ain_sebaa/voitures_d_occasion/Opel_Crossland_1_6_CDTi_92_Edition_55833042.htm,Opel Crossland 1.6 CDTi 92 Edition,154000 DH,2021,90000,Diesel,Manuelle,N/A,N/A
https://www.avito.ma/fr/hay_karima/voitures_d_occasion/Peugeot_301_diesel_2021_allure_à_vendre_56257433.htm,Peugeot 301 diesel 2021 allure à vendre,135000 DH,2021,105000,Diesel,Manuelle,N/A,N/A
https://www.avito.ma/fr/2_mars/voitures_d_occasion/Hyundai_Tucson_1er_main_sans_Ad_bleu_neuf_57742936.htm,Hyundai Tucson 1er main sans Ad bleu neuf,239000 DH,2023,100000,Diesel,Automatique,N/A,N/A
https://www.avito.ma/fr/al_maghrib_al_arabi/voitures_d_occasion/BMW_X3_diesel_57683394.htm,BMW X3 diesel,194000 DH,2015,185000,Diesel,Automatique,N/A,N/A
https://www.avito.ma/fr/touilaa/voitures_d_occasion/Audi_A5_à_vendre_57474282.htm,Audi A5 à vendre,140000 DH,2011,250000,Diesel,Automatique,N/A,N/A
https://www.avito.ma/fr/guéliz/voitures_d_occasion/Volkswagen_Touareg_Diesel_Automatique_2017_57795639.htm,Volkswagen Touareg Diesel Automatique 2017,175000 DH,2017,172000,Diesel,Automatique,N/A,N/A
https://www.avito.ma/fr/hamria/voitures_d_occasion/Dacia_Dokker_à_vendre_57795568.htm,Dacia Dokker à vendre,145000 DH,2019,122,Diesel,Manuelle,N/A,N/A
https://www.avito.ma/fr/maarif/voitures_d_occasion/911_TARGA_4_GTS_CARBON_DESIGN__Véhicule_Neuf_2026__57125830.htm,911 TARGA 4 GTS CARBON DESIGN (Véhicule Neuf 2026),0 DH,2026,0,Essence,Automatique,N/A,N/A
https://www.avito.ma/fr/annakhil/voitures_d_occasion/Vends_Clio_4_Diesel_57795587.htm,Vends Clio 4 Diesel,139000 DH,2021,156239,Diesel,Automatique,N/A,N/A
https://www.avito.ma/fr/mozart/voitures_d_occasion/Peugeot_5008_GT_7_Places_2022____57690924.htm,Peugeot 5008 GT 7 Places 2022 ✅️,290000 DH,2022,95000,Diesel,Automatique,N/A,N/A
https://www.avito.ma/fr/ain_sebaa/voitures_d_occasion/Peugeot_208_1_5_Allure_Pack_plus_57304961.htm,Peugeot 208 1.5 Allure Pack plus,191000 DH,2023,95000,Diesel,Automatique,N/A,N/A
https://www.avito.ma/fr/hamria/voitures_d_occasion/Glc_220d_4_matic_2020_57795606.htm,Glc 220d 4 matic 2020,360000 DH,2020,242000,Diesel,Automatique,N/A,N/A
https://www.avito.ma/fr/biranzarane/voitures_d_occasion/BMW_X3_PACK_M_DIESEL_AUTOMATIQUE_2021_57609526.htm,BMW X3 PACK M DIESEL AUTOMATIQUE 2021,0 DH,2021,55000,Diesel,Automatique,N/A,N/A
https://www.avito.ma/fr/tétouan/voitures_d_occasion/Jeep_Renegade_Diesel_Automatique_2017_à_Tétouan_57791079.htm,Jeep Renegade Diesel Automatique 2017 à Tétouan,172000 DH,2017,220000,Diesel,Automatique,N/A,N/A
https://www.avito.ma/fr/ain_sebaa/voitures_d_occasion/Peugeot_208_1_6_HDi_92_Allure_Pack_55834011.htm,Peugeot 208 1.6 HDi 92 Allure Pack,192000 DH,2023,55357,Diesel,Automatique,N/A,N/A
https://www.avito.ma/fr/aïn_chock/voitures_d_occasion/Range_Rover_SVR_Essence_2020_54280806.htm,Range Rover SVR Essence 2020,0 DH,2020,60000,Essence,Automatique,N/A,N/A
https://www.avito.ma/fr/hassan/voitures_d_occasion/Citroën_c4_diesel_automatique_shine_avec_toit_57183014.htm,Citroën c4 diesel automatique shine avec toit,260000 DH,2025,25000,Diesel,Automatique,N/A,N/A
https://www.avito.ma/fr/ain_sebaa/voitures_d_occasion/Toyota_Corolla_Hybride_Automatique_2020_57302935.htm,Toyota Corolla Hybride Automatique 2020,218000 DH,2020,70000,Hybride,Automatique,N/A,N/A
https://www.avito.ma/fr/salé/voitures_d_occasion/Mercedes_C_220_à_vendre_57155138.htm,Mercedes C 220 à vendre,240000 DH,2014,260000,Diesel,Automatique,N/A,N/A
https://www.avito.ma/fr/guich_oudaya/voitures_d_occasion/Renault_Kadjar_Automatique_2022_à_Rabat_57777877.htm,Renault Kadjar Automatique 2022 à Rabat,0 DH,2022,148000,Diesel,Automatique,N/A,N/A
https://www.avito.ma/fr/ain_sebaa/voitures_d_occasion/BMW_X3_sDrive_18d_xLine_50313938.htm,BMW X3 sDrive 18d xLine,372000 DH,2020,90000,Diesel,Automatique,N/A,N/A
https://www.avito.ma/fr/hay_mohammadi/voitures_d_occasion/PEUGEOT_208_Diesel_Manuelle_2019_56603019.htm,PEUGEOT 208 Diesel Manuelle 2019,134000 DH,2019,87501,Diesel,Manuelle,N/A,N/A
https://www.avito.ma/fr/2_mars/voitures_d_occasion/Opel_Corsa_Diesel___GS_Line___57268654.htm,Opel Corsa Diesel - GS Line -,163000 DH,2023,48000,Diesel,Manuelle,N/A,N/A
https://www.avito.ma/fr/mozart/voitures_d_occasion/Land_Rover_Discovery_Sport_fin_2020_57708886.htm,Land Rover Discovery Sport fin 2020,290000 DH,2020,106000,Diesel,Automatique,N/A,N/A
https://www.avito.ma/fr/marrakech/voitures_d_occasion/Peugeot_2008_Diesel_Manuelle_2020_à_Marrakech_57686800.htm,Peugeot 2008 Diesel Manuelle 2020 à Marrakech,158000 DH,2020,88000,Diesel,Manuelle,N/A,N/A
https://www.avito.ma/fr/el_houda/voitures_d_occasion/Volkswagen_Polo_Essence_Manuelle_2022_à_Agadir_57413864.htm,Volkswagen Polo Essence Manuelle 2022 à Agadir,0 DH,2022,24000,Essence,Manuelle,N/A,N/A
https://www.avito.ma/fr/hay_karima/voitures_d_occasion/Peugeot_301_diesel_2021_allure_à_vendre_56178746.htm,Peugeot 301 diesel 2021 allure à vendre,135000 DH,2021,105000,Diesel,Manuelle,N/A,N/A
https://www.avito.ma/fr/biranzarane/voitures_d_occasion/Peugeot_2008_Hybride_Automatique_2025_57591703.htm,Peugeot 2008 Hybride Automatique 2025,0 DH,2025,18000,Hybride,Automatique,N/A,N/A
https://www.avito.ma/fr/route_ain_chkaf/voitures_d_occasion/Opel_Corsa_Diesel_Manuelle_2024_à_Fès_57759696.htm,Opel Corsa Diesel Manuelle 2024 à Fès,157000 DH,2024,50000,Diesel,Manuelle,N/A,N/A
https://www.avito.ma/fr/hay_el_fath/voitures_d_occasion/CHEVROLET_CAMARO_ZL1_PACKAGE_2022_DED_2026_57653950.htm,CHEVROLET CAMARO ZL1 PACKAGE 2022 DED 2026,0 DH,2022,70000,Essence,Automatique,N/A,N/A
https://www.avito.ma/fr/ahlane/voitures_d_occasion/Mercedes_GLC_220_56732348.htm,Mercedes GLC 220,278000 DH,2018,142000,Diesel,Automatique,N/A,N/A
https://www.avito.ma/fr/ain_sebaa/voitures_d_occasion/PEUGEOT_3008_Diesel_Manuelle_2019_56872227.htm,PEUGEOT 3008 Diesel Manuelle 2019,195000 DH,2019,126329,Diesel,Manuelle,N/A,N/A
https://www.avito.ma/fr/el_houda/voitures_d_occasion/Hyundai_Accent_Diesel_Automatique_2021_à_Agadir_57413844.htm,Hyundai Accent Diesel Automatique 2021 à Agadir,0 DH,2021,80000,Diesel,Automatique,N/A,N/A
https://www.avito.ma/fr/ville_nouvelle/voitures_d_occasion/Renault_Clio_5_Modèle_2021_57795783.htm,Renault Clio 5 Modèle 2021,0 DH,2021,105000,Diesel,Manuelle,N/A,
https://www.avito.ma/fr/drissia/voitures_d_occasion/Hyundai_Santa_Fe_Diesel_Automatique_2022_à_Tanger_57656665.htm,Hyundai Santa Fe Diesel Automatique 2022 à Tanger,408500 DH,2022,82150,Diesel,Automatique,N/A,N/A
https://www.avito.ma/fr/massar/voitures_d_occasion/MERCEDES_CLASSE_S_500_V8_COLLECTION_57756636.htm,MERCEDES CLASSE S 500 V8 COLLECTION,220000 DH,1999,120000,Essence,Automatique,N/A,N/A
https://www.avito.ma/fr/ain_sebaa/voitures_d_occasion/Nissan_Juke_1_0_DIG_T_117_DCT_Tekna_57304848.htm,Nissan Juke 1.0 DIG-T 117 DCT Tekna,232000 DH,2023,82300,Essence,Automatique,N/A,N/A
https://www.avito.ma/fr/khénifra/voitures_d_occasion/Ford_Focus_bonne_occasion_reprise_possible_57795900.htm,Ford Focus bonne occasion reprise possible,77000 DH,2007,241000,Diesel,Manuelle,N/A,N/A
https://www.avito.ma/fr/aïn_chock/voitures_d_occasion/Mercedes_classe_Gle_350de_52374715.htm,Mercedes classe Gle 350de,0 DH,2024,30000,Diesel,Automatique,N/A,N/A
https://www.avito.ma/fr/aïn_chock/voitures_d_occasion/Audi_Q8_Diesel_Automatique_2020_à_Casablanca_57650586.htm,Audi Q8 Diesel Automatique 2020 à Casablanca,0 DH,2020,91000,Diesel,Automatique,N/A,N/A
https://www.avito.ma/fr/anfa/voitures_d_occasion/Land_Rover_Diesel_Automatique_2021_à_Marrakech_57636352.htm,Land Rover Diesel Automatique 2021 à Marrakech,0 DH,2021,138000,Diesel,Automatique,N/A,N/A
https://www.avito.ma/fr/agdal/voitures_d_occasion/Chevrolet_Camaro_Pure_V6_2016_57781970.htm,Chevrolet Camaro Pure V6 2016,190000 DH,2016,104000,Essence,Automatique,N/A,N/A
https://www.avito.ma/fr/hay_el_fath/voitures_d_occasion/FORD_MUSTANG_PREMUIM_PLUS_BVA_56790267.htm,FORD MUSTANG PREMUIM PLUS BVA,0 DH,2022,56000,Essence,Automatique,N/A,N/A
https://www.avito.ma/fr/autre_secteur/voitures_d_occasion/Voiture_modèle_2025_et_excellente_57795913.htm,Voiture modèle 2025 et excellente,220000 DH,2025,35000,Essence,Automatique,N/A,
https://www.avito.ma/fr/maroc/voitures_d_occasion-à_vendre,Voitures d'occasion    à vendre au  Maroc : 99952 annonces,N/A,N/A,km km,Diesel Essence Electrique LPG Hybride,Automatique Manuelle,CHOISIR  - MODÈLE CHEVRONRIGHT ICON,CHOISIR MARQUE -  CHEVRONRIGHT ICON
https://www.avito.ma/fr/2_mars/voitures_d_occasion/Lexus_NX_Hybride_Automatique_2022_à_Casablanca_57712044.htm,Lexus NX Hybride Automatique 2022 à Casablanca,380000 DH,2022,100000,Hybride,Automatique,N/A,N/A
https://www.avito.ma/fr/drissia/voitures_d_occasion/DS_DS7_OPERA_2021_DIESEL_AUTOMATIQUE_À_TANGER_57558844.htm,DS DS7 OPERA 2021 DIESEL AUTOMATIQUE À TANGER,289000 DH,2022,85000,Diesel,Automatique,N/A,N/A
https://www.avito.ma/fr/centre_ville/voitures_d_occasion/GLE_250_Diesel_4_Matic_2017_57795787.htm,GLE 250 Diesel 4 Matic 2017,325000 DH,2017,108000,Diesel,Automatique,N/A,N/A
https://www.avito.ma/fr/drissia/voitures_d_occasion/HYUNDAI_TUCSON_ULTIMATE_2022_DIESEL_À_TANGER_57558854.htm,HYUNDAI TUCSON ULTIMATE 2022 DIESEL À TANGER,298000 DH,2022,79537,Diesel,Automatique,N/A,N/A
https://www.avito.ma/fr/drissia/voitures_d_occasion/Toyota_Corolla_Hybride_Automatique_2022_à_Tanger_57656670.htm,Toyota Corolla Hybride Automatique 2022 à Tanger,209000 DH,2022,77600,Hybride,Automatique,N/A,N/A
https://www.avito.ma/fr/zemmouri/voitures_d_occasion/Mercedes_Benz_Classe_CLC_Électrique_Automatique_57701094.htm,Mercedes-Benz Classe CLC Électrique Automatique,0 DH,2021,90,Electrique,Automatique,N/A,N/A
https://www.avito.ma/fr/el_houda/voitures_d_occasion/Volkswagen_T_Roc_Diesel_Automatique_2021_12_57776678.htm,Volkswagen T-Roc Diesel Automatique 2021/12,0 DH,2021,61000,Diesel,Automatique,N/A,N/A
https://www.avito.ma/fr/2_mars/voitures_d_occasion/À_vendre_comme_neuf_57795805.htm,À vendre comme neuf,2000000 DH,2017,126000,Diesel,Automatique,N/A,N/A
https://www.avito.ma/fr/ain_sebaa/voitures_d_occasion/Seat_Ibiza_1_0_TSI_115_URBAN_57306237.htm,Seat Ibiza 1.0 TSI 115 URBAN,169000 DH,2021,56951,Essence,Manuelle,N/A,N/A
https://www.avito.ma/fr/ain_sebaa/voitures_d_occasion/Kia_Sportage_1_6_CRDi_136_DCT_Design_55711720.htm,Kia Sportage 1.6 CRDi 136 DCT Design,285000 DH,2024,81000,Diesel,Automatique,N/A,N/A
https://www.avito.ma/fr/biranzarane/voitures_d_occasion/BMW_SERIE_3_DIESEL_AUTOMATIQUE_2022_57483521.htm,BMW SERIE 3 DIESEL AUTOMATIQUE 2022,0 DH,2022,120000,Diesel,Automatique,N/A,N/A
https://www.avito.ma/fr/ain_sebaa/voitures_d_occasion/Volvo_XC60_2_0_T8_462_Recharge_AWD_Plus_Dark_51501685.htm,Volvo XC60 2.0 T8 462 Recharge AWD Plus Dark,479000 DH,2021,67000,Hybride,Automatique,N/A,N/A
https://www.avito.ma/fr/casablanca/voitures_d_occasion/BMW_Série_3_Diesel_Automatique_2016_à_Casablanca_57786947.htm,BMW Série 3 Diesel Automatique 2016 à Casablanca,215000 DH,2016,109000,Diesel,Automatique,N/A,N/A
https://www.avito.ma/fr/massar/voitures_d_occasion/Porsche_Cayenne_Hybride_Automatique_2020_57756354.htm,Porsche Cayenne Hybride Automatique 2020,700000 DH,2020,98000,Hybride,Automatique,N/A,N/A
https://www.avito.ma/fr/larache/voitures_d_occasion/Cupra_Formentor_2022_Importée_Diesel_Automatique_57048258.htm,Cupra Formentor 2022 Importée Diesel Automatique,358000 DH,2022,100000,Diesel,Automatique,N/A,N/A
https://www.avito.ma/fr/drissia/voitures_d_occasion/RANGE_ROVER_SPORT_HSE_SDV6_2019_DIESEL_À_TANGER_57398397.htm,RANGE ROVER SPORT HSE SDV6 2019 DIESEL À TANGER,450000 DH,2019,149999,Diesel,Automatique,N/A,N/A
https://www.avito.ma/fr/wilaya/voitures_d_occasion/Dacia_Duster_Diesel_Automatique_2022_57771592.htm,Dacia Duster Diesel Automatique 2022,225000 DH,2022,35000,Diesel,Automatique,N/A,N/A
https://www.avito.ma/fr/targa/voitures_d_occasion/CHEVROLET_ORLANDO_7_PLACES_AUTOMATIQUE_57781348.htm,CHEVROLET ORLANDO 7 PLACES AUTOMATIQUE,145000 DH,2014,158000,Diesel,Automatique,N/A,N/A
https://www.avito.ma/fr/ain_sebaa/voitures_d_occasion/Mercedes_Benz_GLA_200_D_Urban_55833228.htm,Mercedes-Benz GLA 200 D Urban,320000 DH,2020,80000,Diesel,Automatique,N/A,N/A
https://www.avito.ma/fr/drissia/voitures_d_occasion/KIA_SELTOS_ACTIVE_2021_DIESEL_AUTOMATIQUE_À_TANGER_57751689.htm,KIA SELTOS ACTIVE 2021 DIESEL AUTOMATIQUE À TANGER,237000 DH,2021,62250,Diesel,Automatique,N/A,N/A
https://www.avito.ma/fr/bournazil/voitures_d_occasion/Fiat_500_2011_essence_panoramique_57416039.htm,Fiat 500 2011 essence panoramique,73000 DH,2011,90000,Essence,Manuelle,N/A,N/A
https://www.avito.ma/fr/guéliz/voitures_d_occasion/Fiat_panda_2012_57795907.htm,Fiat panda 2012,64000 DH,2012,200,Essence,Manuelle,N/A,N/A
https://www.avito.ma/fr/khouribga/voitures_d_occasion/Peugeot_508_à_vendre_57795873.htm,Peugeot 508 à vendre,88000 DH,2012,242000,Diesel,Manuelle,N/A,N/A
https://www.avito.ma/fr/tilila/voitures_d_occasion/Towarge_mazot_2011_possibilité_de_reprise_financement_propre_55434919.htm,Towarge mazot 2011 possibilité de reprise financement propre,138000 DH,2011,190000,Diesel,Automatique,N/A,N/A
https://www.avito.ma/fr/2_mars/voitures_d_occasion/Renault_Clio_Essence_Automatique_2023_à_Casablanca_57719267.htm,Renault Clio Essence Automatique 2023 à Casablanca,138000 DH,2023,72000,Essence,Automatique,N/A,N/A
https://www.avito.ma/fr/hay_riad/voitures_d_occasion/Q4_e_tron_35_S_line_19_000_km_Garantie_2030_57571574.htm,Q4 e-tron 35 S-line 19 000 km Garantie 2030,489000 DH,2022,19900,Electrique,Automatique,N/A,N/A
https://www.avito.ma/fr/larache/voitures_d_occasion/Audi_A4_Diesel_Automatique_2022_à_Larache_57766948.htm,Audi A4 Diesel Automatique 2022 à Larache,285000 DH,2022,91000,Diesel,Automatique,N/A,N/A
https://www.avito.ma/fr/centre_ville/voitures_d_occasion/Renault_Clio_4_intense_très_bon_état_57795684.htm,Renault Clio 4 intense très bon état,125000 DH,2018,172000,Diesel,Manuelle,N/A,N/A
https://www.avito.ma/fr/hay_el_boughaz/voitures_d_occasion/Dacia_Deuster_57659516.htm,Dacia Deuster,243000 DH,2023,40000,Diesel,Automatique,N/A,N/A
https://www.avito.ma/fr/centre/voitures_d_occasion/RANGE_ROVER_EVOQUE_HSE_BVA_1MAIN_FULL_DOUANE_2022_57174981.htm,RANGE ROVER EVOQUE HSE BVA 1MAIN FULL DOUANE 2022,248000 DH,2019,140000,Diesel,Automatique,N/A,N/A
https://www.avito.ma/fr/agdal/voitures_d_occasion/Toyota_Corolla_Hybride_Automatique_2021_à_Rabat_57796134.htm,Toyota Corolla Hybride Automatique 2021 à Rabat,215000 DH,2021,91000,Hybride,Automatique,N/A,N/A
https://www.avito.ma/fr/autre_secteur/voitures_d_occasion/Belle_occasion_à_saisir_57742906.htm,Belle occasion à saisir,0 DH,2021,88000,Diesel,Automatique,N/A,N/A
https://www.avito.ma/fr/abattoirs/voitures_d_occasion/Nissan_Qashqai_2011_57091150.htm,Nissan Qashqai 2011,120000 DH,2011,200000,Diesel,Manuelle,N/A,N/A
https://www.avito.ma/fr/sanaoubar/voitures_d_occasion/Peugeot_208_Allure_Diesel_57570033.htm,Peugeot 208 Allure Diesel,0 DH,2022,100000,Diesel,Manuelle,N/A,N/A
https://www.avito.ma/fr/hay_zaytoun/voitures_d_occasion/Express_2022_1_million___57092797.htm,Express 2022 1 million %,168000 DH,2022,120,Diesel,Manuelle,N/A,N/A
https://www.avito.ma/fr/anfa/voitures_d_occasion/Audi_A3_Diesel_Automatique_2021_à_Casablanca_57748118.htm,Audi A3 Diesel Automatique 2021 à Casablanca,0 DH,2021,98000,Diesel,Automatique,N/A,N/A
https://www.avito.ma/fr/aïn_diab/voitures_d_occasion/Duster_6cv_automatique_2021_particulier_52121521.htm,Duster 6cv automatique 2021 particulier,179000 DH,2021,160000,Diesel,Automatique,N/A,N/A
https://www.avito.ma/fr/aïn_chock/voitures_d_occasion/Volkswagen_Touareg_2016_57577047.htm,Volkswagen Touareg 2016,0 DH,2016,175000,Diesel,Automatique,N/A,N/A
https://www.avito.ma/fr/safir/voitures_d_occasion/Peugeot_3008_GT_57636907.htm,Peugeot 3008 GT,285000 DH,2023,110000,Diesel,Automatique,N/A,DESCRIPTION
https://www.avito.ma/fr/autre_secteur/voitures_d_occasion/Mercedes_Benz_GLC_300_de_coupe_AMG_Line_2021_57766485.htm,Mercedes-Benz GLC 300 de coupe AMG Line 2021,0 DH,2021,104000,Diesel,Automatique,N/A,N/A
https://www.avito.ma/fr/californie/voitures_d_occasion/Renault_Arkana_2024_Essence_Hybride_57772330.htm,Renault Arkana 2024 Essence Hybride,205000 DH,2024,50000,Hybride,Automatique,N/A,N/A
https://www.avito.ma/fr/centre_ville/voitures_d_occasion/Mercedes_Benz_220_Diesel_Automatique_2019_à_Nador_57723830.htm,Mercedes-Benz 220 Diesel Automatique 2019 à Nador,420000 DH,2019,129000,Diesel,Automatique,N/A,N/A
https://www.avito.ma/fr/aïn_diab/voitures_d_occasion/Peugeot_508_ALLURE_180CH_57690147.htm,Peugeot 508 ALLURE 180CH,0 DH,2020,125000,Diesel,Automatique,N/A,N/A
https://www.avito.ma/fr/autre_secteur/voitures_d_occasion/Kia_Carens_Diesel_Automatique_2023_57426308.htm,Kia Carens Diesel Automatique 2023,0 DH,2023,80000,Diesel,Automatique,N/A,N/A
https://www.avito.ma/fr/hay_el_fath/voitures_d_occasion/Mercedes_Benz_GLC_300de_2026_56841496.htm,Mercedes-Benz GLC 300de 2026,0 DH,2026,10,Diesel,Automatique,N/A,N/A
https://www.avito.ma/fr/sala_el_jadida/voitures_d_occasion/Volkswagen_Passat_Diesel_Automatique_2016_à_Salé_57414544.htm,Volkswagen Passat Diesel Automatique 2016 à Salé,0 DH,2016,150000,Diesel,Automatique,N/A,N/A
https://www.avito.ma/fr/tanger/voitures_d_occasion/Mercedes_GLC_300_de_57715457.htm,Mercedes GLC 300 de,0 DH,2025,7000,Diesel,Automatique,N/A,N/A
https://www.avito.ma/fr/wifak/voitures_d_occasion/BMW_SERIE_1_Diesel_Automatique_2020_57189161.htm,BMW SERIE 1 Diesel Automatique 2020,285000 DH,2020,100000,Diesel,Automatique,N/A,N/A
https://www.avito.ma/fr/maarif/voitures_d_occasion/Maserati_MC20_1_of_1_au_Maroc_57766515.htm,Maserati MC20 1 of 1 au Maroc,2650000 DH,2026,400,Essence,Automatique,N/A,N/A
https://www.avito.ma/fr/rabat/voitures_d_occasion/Citroën_ZX_Diesel_Manuelle_1997_à_Rabat_57795804.htm,Citroën ZX Diesel Manuelle 1997 à Rabat,30000 DH,1997,400000,Diesel,Manuelle,N/A,N/A
https://www.avito.ma/fr/aïn_chock/voitures_d_occasion/Range_Rover_SVR_Essence_2020_54280806.htm,Range Rover SVR Essence 2020,0 DH,2020,60000,Essence,Automatique,N/A,N/A
https://www.avito.ma/fr/lissasfa/voitures_d_occasion/Volkswagen_Tiguan_Diesel_Automatique_2022_57776466.htm,Volkswagen Tiguan Diesel Automatique 2022,320000 DH,2022,88702,Diesel,Automatique,N/A,N/A
https://www.avito.ma/fr/massira_1/voitures_d_occasion/Mercedes_ML_TT_option_diesel_57787687.htm,Mercedes ML TT option diesel,87000 DH,2010,245000,Diesel,Automatique,N/A,DESCRIPTION
https://www.avito.ma/fr/larache/voitures_d_occasion/Cupra_Formentor_2022_Importée_Diesel_Automatique_57048258.htm,Cupra Formentor 2022 Importée Diesel Automatique,358000 DH,2022,100000,Diesel,Automatique,N/A,N/A
https://www.avito.ma/fr/hay_salam/voitures_d_occasion/Renault_Express_Diesel_Manuelle_2022_à_Salé_57732952.htm,Renault Express Diesel Manuelle 2022 à Salé,0 DH,2022,90000,Diesel,Manuelle,N/A,N/A
https://www.avito.ma/fr/narjiss/voitures_d_occasion/BMW_X1_Automatique_Diesel_2015_Km_157000_57727884.htm,BMW X1 Automatique Diesel 2015 Km 157000,153000 DH,2015,158000,Diesel,Automatique,N/A,N/A
https://www.avito.ma/fr/maarif/voitures_d_occasion/Audi_A4_57627958.htm,Audi A4,289000 DH,2021,121400,Diesel,Automatique,N/A,N/A
https://www.avito.ma/fr/aïn_chock/voitures_d_occasion/Peugeot_308_automatique__57796174.htm,Peugeot 308 automatique.,219000 DH,2022,68000,Diesel,Automatique,N/A,N/A
https://www.avito.ma/fr/autre_secteur/voitures_d_occasion/KIA___GEELY_COOLRAY_57796444.htm,KIA - GEELY COOLRAY,235000 DH,2024,57958,Essence,Automatique,N/A,N/A
https://www.avito.ma/fr/autre_secteur/voitures_d_occasion/KIA___FORD_EcoSport_57796178.htm,KIA - FORD EcoSport,175000 DH,2021,97000,Diesel,Manuelle,N/A,N/A
https://www.avito.ma/fr/oujda/voitures_d_occasion/Ford_Focus_Sport_Diesel_2012_57727881.htm,Ford Focus Sport Diesel 2012,115000 DH,2012,276500,Diesel,Manuelle,N/A,N/A
https://www.avito.ma/fr/californie/voitures_d_occasion/Seat_Ateca_57736863.htm,Seat Ateca,298000 DH,2025,20000,Diesel,Automatique,N/A,N/A
https://www.avito.ma/fr/hay_zaytoun/voitures_d_occasion/Peugeot_208_diesel_6_cv_56501367.htm,Peugeot 208 diesel 6 cv,107000 DH,2018,220000,Diesel,Manuelle,N/A,N/A
https://www.avito.ma/fr/alsace_lorraine/voitures_d_occasion/Nissan_Micra_tecna_plus_full_options_2018_57625091.htm,Nissan Micra tecna plus full options 2018,129000 DH,2018,149000,Diesel,Manuelle,N/A,N/A
https://www.avito.ma/fr/drissia/voitures_d_occasion/HYUNDAI_TUCSON_ULTIMATE_2022_DIESEL_À_TANGER_57558854.htm,HYUNDAI TUCSON ULTIMATE 2022 DIESEL À TANGER,298000 DH,2022,79537,Diesel,Automatique,N/A,N/A
https://www.avito.ma/fr/autre_secteur/voitures_d_occasion/Mercedes_GLC_300de_2021_dédouané_2025_10_54988242.htm,Mercedes GLC 300de 2021 dédouané 2025/10,0 DH,2021,95000,Diesel,Automatique,N/A,N/A
https://www.avito.ma/fr/aïn_borja/voitures_d_occasion/Volkswagen_Golf_56060150.htm,Volkswagen Golf,0 DH,2019,0,Diesel,Automatique,N/A,N/A
https://www.avito.ma/fr/andalousse/voitures_d_occasion/Volvo_V40_Inscription_57795924.htm,Volvo V40 Inscription,175000 DH,2020,110000,Diesel,Automatique,N/A,N/A
https://www.avito.ma/fr/hay_lazaret/voitures_d_occasion/Clio_4_à_vendre_57624936.htm,Clio 4 à vendre,0 DH,2018,171000,Diesel,Manuelle,N/A,N/A
https://www.avito.ma/fr/ain_sebaa/voitures_d_occasion/Opel_Corsa_GSline_Diesel_Manuelle_2024_à_Fès_57692060.htm,Opel Corsa GSline Diesel Manuelle 2024 à Fès,0 DH,2024,40000,Diesel,Manuelle,N/A,DESCRIPTION
https://www.avito.ma/fr/al_maghrib_al_arabi/voitures_d_occasion/BMW_X3_diesel_57683394.htm,BMW X3 diesel,194000 DH,2015,185000,Diesel,Automatique,N/A,N/A
https://www.avito.ma/fr/targa/voitures_d_occasion/Fiat_500_Cabriolet_Manuelle_2016_à_Marrakech_57789400.htm,Fiat 500 Cabriolet Manuelle 2016 à Marrakech,115000 DH,2016,59000,Essence,Manuelle,N/A,N/A
https://www.avito.ma/fr/californie/voitures_d_occasion/Ford_Focus_diesel_56332991.htm,Ford Focus diesel,205000 DH,2023,36000,Diesel,Manuelle,N/A,N/A
https://www.avito.ma/fr/autre_secteur/voitures_d_occasion/Kia_très_économique_et_propre_57796552.htm,Kia très économique et propre,53000 DH,2007,200,Diesel,Manuelle,N/A,N/A
https://www.avito.ma/fr/anfa/voitures_d_occasion/Dacia_Duster_Diesel_Automatique_2022_à_Casablanca_57682550.htm,Dacia Duster Diesel Automatique 2022 à Casablanca,179000 DH,2022,98971,Diesel,Automatique,N/A,N/A
https://www.avito.ma/fr/tassila/voitures_d_occasion/Hyundai_Tucson_lux_automatique_2023_56927808.htm,Hyundai Tucson lux automatique 2023,0 DH,2023,40000,Diesel,Automatique,N/A,N/A
https://www.avito.ma/fr/safir/voitures_d_occasion/Fiat_Vitré_57120133.htm,Fiat Vitré,0 DH,2021,30000,Diesel,Manuelle,N/A,N/A
https://www.avito.ma/fr/bouskoura_centre/voitures_d_occasion/Range_Rover_Sport_55065684.htm,Range Rover Sport,250000 DH,2015,182000,Diesel,Automatique,N/A,N/A
https://www.avito.ma/fr/hay_riad/voitures_d_occasion/Porsche_Cayenne_Diesel_Automatique_2016_à_Rabat_57349327.htm,Porsche Cayenne Diesel Automatique 2016 à Rabat,0 DH,2016,280000,Diesel,Automatique,N/A,N/A
https://www.avito.ma/fr/route_d_immouzere/voitures_d_occasion/Land_Rover_Range_Rover_Sport_Diesel_Automatique_57790571.htm,Land Rover Range Rover Sport Diesel Automatique,0 DH,2016,180000,Diesel,Automatique,N/A,N/A
https://www.avito.ma/fr/casablanca/voitures_d_occasion/Kia_Picanto_2023_Essence_57695273.htm,Kia Picanto 2023 Essence,0 DH,2023,23000,Essence,Automatique,N/A,N/A
https://www.avito.ma/fr/autre_secteur/voitures_d_occasion/Range_Evoque__première_main_57603779.htm,"Range Evoque, première main",0 DH,2019,160000,Diesel,Automatique,N/A,N/A
https://www.avito.ma/fr/roches_noires/voitures_d_occasion/BMW_520d_G30_57130159.htm,BMW 520d G30,0 DH,2021,122000,Diesel,Automatique,N/A,N/A
https://www.avito.ma/fr/oued_fès/voitures_d_occasion/Kia_Picanto_2011_57795800.htm,Kia Picanto 2011,62000 DH,2011,270900,Essence,Manuelle,N/A,N/A
https://www.avito.ma/fr/agdal/voitures_d_occasion/Ford_Mustang_Automatique_2023_à_Rabat_57736658.htm,Ford Mustang Automatique 2023 à Rabat,330000 DH,2023,72000,Essence,Automatique,N/A,N/A
https://www.avito.ma/fr/route_ain_chkaf/voitures_d_occasion/Mercedes_AMG_C63_S_E_performance_57118889.htm,Mercedes AMG C63 S E performance,0 DH,2024,52000,Hybride,Automatique,N/A,N/A
https://www.avito.ma/fr/anfa/voitures_d_occasion/FORD_EXCURSION_V8_DIESEL_56789969.htm,FORD EXCURSION V8 DIESEL,175000 DH,2003,100000,Diesel,Automatique,N/A,N/A
https://www.avito.ma/fr/centre_ville/voitures_d_occasion/Peugeot_3008_Prix_Top_0_Peinture_0_Retouche_57448164.htm,Peugeot 3008 Prix Top 0 Peinture 0 Retouche,235000 DH,2020,98000,Diesel,Automatique,N/A,N/A
https://www.avito.ma/fr/hay_salam/voitures_d_occasion/Renault_Megane_2015_à_Salé_57368525.htm,Renault Megane 2015 à Salé,120000 DH,2015,190000,Diesel,Manuelle,N/A,N/A
https://www.avito.ma/fr/autre_secteur/voitures_d_occasion/Peugeot_208_2023_57719003.htm,Peugeot 208 2023,165000 DH,2023,76000,Diesel,Manuelle,N/A,N/A
https://www.avito.ma/fr/autre_secteur/voitures_d_occasion/Dacia_Duster_57766475.htm,Dacia Duster,178000 DH,2019,95000,Diesel,Manuelle,N/A,N/A
https://www.avito.ma/fr/anfa/voitures_d_occasion/BMW_X6_toit_ouvrant_excellent_état_57168248.htm,BMW X6 toit ouvrant excellent état,345000 DH,2018,110000,Diesel,Automatique,N/A,N/A
https://www.avito.ma/fr/sala_el_jadida/voitures_d_occasion/Renault_MEGANE_EXPLORE_1_5_115_CH_EDC_Automatique_57580562.htm,Renault MEGANE EXPLORE 1.5 115 CH EDC Automatique,205000 DH,2021,55000,Diesel,Automatique,N/A,N/A
https://www.avito.ma/fr/el_alia/voitures_d_occasion/BMW_318d_pack_sport_57766964.htm,BMW 318d pack sport,375000 DH,2022,52000,Diesel,Automatique,N/A,N/A
https://www.avito.ma/fr/anfa/voitures_d_occasion/Bentley_Bentayga_S_Hybride__importée_neuve__2026_56646028.htm,Bentley Bentayga S Hybride (importée neuve) 2026,0 DH,2025,0,Hybride,Automatique,N/A,N/A
https://www.avito.ma/fr/hay_el_fath/voitures_d_occasion/Cla220_pack_AMG_toit_panoramique_57740733.htm,Cla220 pack AMG toit panoramique,0 DH,2017,170000,Diesel,Automatique,N/A,N/A
https://www.avito.ma/fr/massira_1/voitures_d_occasion/Peugeot_308_diesel_toutes_options_56205897.htm,Peugeot 308 diesel toutes options,126000 DH,2017,199000,Diesel,Manuelle,N/A,N/A
https://www.avito.ma/fr/oulfa/voitures_d_occasion/Toyota_Prado_57465183.htm,Toyota Prado,0 DH,2023,120000,Diesel,Manuelle,N/A,N/A
https://www.avito.ma/fr/aïn_chock/voitures_d_occasion/CHEVROLET_ORLANDO_AUTOMATIQUE_1er_main____50264879.htm,CHEVROLET ORLANDO AUTOMATIQUE 1er main ✋️,99000 DH,2015,173000,Diesel,Automatique,N/A,N/A
https://www.avito.ma/fr/autre_secteur/voitures_d_occasion/Audi_Q3_S_line_Sportback_2026_57787002.htm,Audi Q3 S-line Sportback 2026,0 DH,2026,0,Diesel,Automatique,N/A,N/A
https://www.avito.ma/fr/ain_sebaa/voitures_d_occasion/Mercedes_CLA220_à_ne_pas_rater_57326799.htm,Mercedes CLA220 à ne pas rater,175000 DH,2014,230000,Diesel,Automatique,N/A,N/A
https://www.avito.ma/fr/autre_secteur/voitures_d_occasion/Mercedes_Benz_Classe_CLC_Diesel_Automatique_2021_57413644.htm,Mercedes-Benz Classe CLC Diesel Automatique 2021,0 DH,2021,88000,Diesel,Automatique,N/A,N/A
https://www.avito.ma/fr/annakhil/voitures_d_occasion/Marrakech_Sud_57796059.htm,Marrakech Sud,95000 DH,2011,200000,Essence,Manuelle,N/A,N/A
https://www.avito.ma/fr/lissasfa/voitures_d_occasion/Renault_Clio_Diesel_Manuelle_2024_à_Casablanca_57569327.htm,Renault Clio Diesel Manuelle 2024 à Casablanca,190000 DH,2024,38232,Diesel,Manuelle,N/A,N/A
https://www.avito.ma/fr/aïn_borja/voitures_d_occasion/Dacia_Sandero_57577821.htm,Dacia Sandero,0 DH,2023,110000,Diesel,Manuelle,N/A,N/A
https://www.avito.ma/fr/quartier_du_soleil/voitures_d_occasion/Duster_diesel_manuelle_57481277.htm,Duster diesel manuelle,172000 DH,2022,99000,Diesel,Manuelle,N/A,N/A
https://www.avito.ma/fr/maarif/voitures_d_occasion/Audi_A4_Diesel_Manuelle_2014_à_Casablanca_57795927.htm,Audi A4 Diesel Manuelle 2014 à Casablanca,163000 DH,2014,186000,Diesel,Manuelle,N/A,N/A
https://www.avito.ma/fr/casablanca_finance_city/voitures_d_occasion/Audi_A4_2018___1ère_Main_57796355.htm,Audi A4 2018 – 1ère Main,265000 DH,2018,250000,Diesel,Automatique,N/A,N/A
https://www.avito.ma/fr/alsace_lorraine/voitures_d_occasion/Land_Rover_Range_Rover_Velar_240_DIESEL_R_DYNAMIC_57557305.htm,Land Rover Range Rover Velar 240 DIESEL R-DYNAMIC,0 DH,2018,156000,Diesel,Automatique,N/A,N/A
https://www.avito.ma/fr/ain_sebaa/voitures_d_occasion/Kia_Sportage_1_6_CRDi_136_DCT_Design_55711720.htm,Kia Sportage 1.6 CRDi 136 DCT Design,285000 DH,2024,81000,Diesel,Automatique,N/A,N/A
https://www.avito.ma/fr/californie/voitures_d_occasion/Audi_Q8_S_line_2025_57677482.htm,Audi Q8 S-line 2025,0 DH,2025,18000,Diesel,Automatique,N/A,N/A
https://www.avito.ma/fr/autre_secteur/voitures_d_occasion/BMW_X5_57544146.htm,BMW X5,580000 DH,2021,93000,Diesel,Automatique,N/A,N/A
https://www.avito.ma/fr/autre_secteur/voitures_d_occasion/Land_Rover_Freelander_Diesel_Automatique_2014_57720022.htm,Land Rover Freelander Diesel Automatique 2014,130000 DH,2014,190000,Diesel,Automatique,N/A,N/A
https://www.avito.ma/fr/autre_secteur/voitures_d_occasion/KIA___KIA_Niro_57519552.htm,KIA - KIA Niro,310000 DH,2024,38000,Hybride,Automatique,N/A,N/A
https://www.avito.ma/fr/centre_ville/voitures_d_occasion/Range_Rover_Sport_SE_P360_57281033.htm,Range Rover Sport SE P360,0 DH,2025,3000,Hybride,Automatique,N/A,N/A
https://www.avito.ma/fr/bourgogne/voitures_d_occasion/Range_Rover_Sport_SVR_550ch_V8_2016_57256290.htm,Range Rover Sport SVR 550ch V8 2016,385000 DH,2016,100000,Essence,Automatique,N/A,N/A
https://www.avito.ma/fr/ain_sebaa/voitures_d_occasion/Evoque_Diesel_Automatique_57141545.htm,Evoque Diesel Automatique,347000 DH,2019,55000,Diesel,Automatique,N/A,N/A
https://www.avito.ma/fr/hay_el_fath/voitures_d_occasion/Citroën_DS7_57340219.htm,Citroën DS7,0 DH,2019,180,Diesel,Automatique,N/A,N/A
https://www.avito.ma/fr/drissia/voitures_d_occasion/SKODA_OCTAVIA_STYLE_2022_AUTO___52_350_Km_1ER_MAIN_57774646.htm,SKODA OCTAVIA STYLE 2022 AUTO - 52 350 Km 1ER MAIN,268000 DH,2023,52350,Diesel,Automatique,N/A,N/A
https://www.avito.ma/fr/centre_ville/voitures_d_occasion/GLE_250_Diesel_4_Matic_2017_57795787.htm,GLE 250 Diesel 4 Matic 2017,325000 DH,2017,108000,Diesel,Automatique,N/A,N/A
https://www.avito.ma/fr/abbadi/voitures_d_occasion/Fiat_Fiorino_57539539.htm,Fiat Fiorino,98000 DH,2020,180200,Diesel,Manuelle,N/A,N/A
https://www.avito.ma/fr/hay_zaytoun/voitures_d_occasion/Kia_Seltos_57691423.htm,Kia Seltos,225000 DH,2023,100000,Diesel,Automatique,N/A,N/A
https://www.avito.ma/fr/centre_ville/voitures_d_occasion/VOLVO_XC40_Essence_Automatique_2022_57161935.htm,VOLVO XC40 Essence Automatique 2022,250000 DH,2022,83516,Essence,Automatique,N/A,N/A
https://www.avito.ma/fr/anfa/voitures_d_occasion/Bentley_Flying_Spur_W12_FIRST_EDITION_2020_57780492.htm,Bentley Flying Spur W12 FIRST EDITION 2020,0 DH,2020,17000,Essence,Automatique,N/A,N/A
https://www.avito.ma/fr/al_maghrib_al_arabi/voitures_d_occasion/Ford_Kuga_Diesel_Manuelle_2017_à_Kénitra_57777233.htm,Ford Kuga Diesel Manuelle 2017 à Kénitra,158000 DH,2017,200000,Diesel,Manuelle,N/A,N/A
https://www.avito.ma/fr/sala_el_jadida/voitures_d_occasion/CLIO5_RS_LINE_SPORTS_Diesel_Manuelle_2021_57793527.htm,CLIO5 RS LINE SPORTS Diesel Manuelle 2021,168000 DH,2021,60000,Diesel,Manuelle,N/A,N/A
https://www.avito.ma/fr/el_houda/voitures_d_occasion/Land_Rover_Range_Rover_Sport_Diesel_Automatique_57792085.htm,Land Rover Range Rover Sport Diesel Automatique,0 DH,2019,125000,Diesel,Automatique,N/A,N/A
https://www.avito.ma/fr/anfa/voitures_d_occasion/Jeep_Wrangler_Unlimited_Essence_55779089.htm,Jeep Wrangler Unlimited Essence,0 DH,2022,50000,Essence,Automatique,N/A,N/A
https://www.avito.ma/fr/tanger/voitures_d_occasion/Volkswagen_Golf_8_Diesel_Automatique_2021_à_Tanger_57733043.htm,Volkswagen Golf 8 Diesel Automatique 2021 à Tanger,0 DH,2021,87500,Diesel,Automatique,N/A,N/A
https://www.avito.ma/fr/oulfa/voitures_d_occasion/Renault_Trafic_Diesel_Manuelle_2021_à_Casablanca_57704759.htm,Renault Trafic Diesel Manuelle 2021 à Casablanca,217000 DH,2021,122000,Diesel,Manuelle,N/A,N/A
https://www.avito.ma/fr/ain_aouda/voitures_d_occasion/Nissan_Qashqai_tekna_plus_57796310.htm,Nissan Qashqai tekna plus,190000 DH,2016,135,Diesel,Manuelle,N/A,DESCRIPTION
https://www.avito.ma/fr/centre_ville/voitures_d_occasion/Dacia_Sandero_2021_0_peinture_0_retouche_57166976.htm,Dacia Sandero 2021 0 peinture 0 retouche,110000 DH,2021,100000,Diesel,Manuelle,N/A,N/A
https://www.avito.ma/fr/marrakech/voitures_d_occasion/Peugeot_208_Diesel_Manuelle_2025_57793981.htm,Peugeot 208 Diesel Manuelle 2025,0 DH,2025,15000,Diesel,Manuelle,N/A,N/A
https://www.avito.ma/fr/centre_ville/voitures_d_occasion/Volkswagen_Golf_8_Gtd_57425509.htm,Volkswagen Golf 8 Gtd,0 DH,2025,25000,Diesel,Automatique,N/A,N/A
https://www.avito.ma/fr/centre_ville/voitures_d_occasion/Volkswagen_Passat_Diesel_Automatique_2017_57795564.htm,Volkswagen Passat Diesel Automatique 2017,177000 DH,2017,130000,Diesel,Automatique,N/A,N/A
https://www.avito.ma/fr/guich_oudaya/voitures_d_occasion/Ford_Kuga_Diesel_57708995.htm,Ford Kuga Diesel,0 DH,2015,190000,Diesel,Manuelle,N/A,N/A
https://www.avito.ma/fr/al_hadiqa/voitures_d_occasion/RANGE_ROVER_EVOQUE_57766179.htm,RANGE ROVER EVOQUE,195000 DH,2016,143000,Diesel,Automatique,N/A,N/A
https://www.avito.ma/fr/errahma/voitures_d_occasion/Kia_Picanto_2023_Automatique_57645040.htm,Kia Picanto 2023 Automatique,0 DH,2023,40000,Essence,Automatique,N/A,N/A
https://www.avito.ma/fr/aïn_diab/voitures_d_occasion/Volvo_XC40_57684799.htm,Volvo XC40,258000 DH,2022,83788,Essence,Automatique,N/A,N/A
https://www.avito.ma/fr/anfa/voitures_d_occasion/Mercedes_Benz_GLC_300DE__Importée_Neuve__2026_57491683.htm,Mercedes-Benz GLC 300DE (Importée Neuve) 2026,0 DH,2026,0,Hybride,Automatique,N/A,N/A
https://www.avito.ma/fr/guich_oudaya/voitures_d_occasion/Renault_Kadjar_Automatique_2022_à_Rabat_57777877.htm,Renault Kadjar Automatique 2022 à Rabat,0 DH,2022,148000,Diesel,Automatique,N/A,N/A
https://www.avito.ma/fr/autre_secteur/voitures_d_occasion/KIA___GEELY_COOLRAY_57796439.htm,KIA - GEELY COOLRAY,220000 DH,2025,13252,Essence,Automatique,N/A,N/A
https://www.avito.ma/fr/aïn_chock/voitures_d_occasion/Ma_voiture_ix35__8cv__modèle_2014_première_main_57796541.htm,Ma voiture ix35 (8cv) modèle 2014 première main,148000 DH,2014,136,Diesel,Automatique,N/A,
https://www.avito.ma/fr/marjane/voitures_d_occasion/Dacia_Duster_en_très_bon_état_57795791.htm,Dacia Duster en très bon état,173000 DH,2020,137000,Diesel,Automatique,N/A,N/A
https://www.avito.ma/fr/hay_mohammadi/voitures_d_occasion/PEUGEOT_208_Diesel_Manuelle_2019_56603019.htm,PEUGEOT 208 Diesel Manuelle 2019,134000 DH,2019,87501,Diesel,Manuelle,N/A,N/A
https://www.avito.ma/fr/mohammedia/voitures_d_occasion/Volkswagen_Tiguan_Diesel_Manuelle_2011_57796529.htm,Volkswagen Tiguan Diesel Manuelle 2011,170000 DH,2011,300000,Diesel,Manuelle,N/A,N/A
https://www.avito.ma/fr/larache/voitures_d_occasion/Volkswagen_Tiguan_Diesel_Automatique_2019_DD_2024_57723785.htm,Volkswagen Tiguan Diesel Automatique 2019 DD 2024,335000 DH,2019,130000,Diesel,Automatique,N/A,N/A
https://www.avito.ma/fr/2_mars/voitures_d_occasion/Lexus_NX_Hybride_Automatique_2021_à_Casablanca_57304972.htm,Lexus NX Hybride Automatique 2021 à Casablanca,315000 DH,2021,65000,Hybride,Automatique,N/A,N/A
https://www.avito.ma/fr/autre_secteur/voitures_d_occasion/Land_Rover_Range_Rover_Velar_Diesel_Automatique_56436177.htm,Land Rover Range Rover Velar Diesel Automatique,0 DH,2018,180000,Diesel,Automatique,N/A,N/A
https://www.avito.ma/fr/m_hamid/voitures_d_occasion/Mercedes_Benz_220_Diesel_Automatique_2014_à_Marrakech_57533172.htm,Mercedes-Benz 220 Diesel Automatique 2014 à Marrakech,252000 DH,2014,220000,Diesel,Automatique,N/A,N/A
https://www.avito.ma/fr/hassan/voitures_d_occasion/Volkswagen_Tiguan_2018_Excellent_état_57462155.htm,Volkswagen Tiguan 2018 Excellent état,285000 DH,2018,220000,Diesel,Automatique,N/A,N/A
https://www.avito.ma/fr/champ_de_course/voitures_d_occasion/Mercedes_Benz_Classe_A180_57549480.htm,Mercedes-Benz Classe A180,159000 DH,2015,150000,Diesel,Automatique,N/A,N/A
https://www.avito.ma/fr/autre_secteur/voitures_d_occasion/Fiat_Doblo_modèle_2015__nouveau_montage_57796118.htm,"Fiat Doblo modèle 2015, nouveau montage",870000 DH,2015,200000,Diesel,Manuelle,N/A,
https://www.avito.ma/fr/ain_sebaa/voitures_d_occasion/Citroën_c4_diesel_Shine_57658581.htm,Citroën c4 diesel Shine,0 DH,2024,36000,Diesel,Automatique,N/A,N/A
https://www.avito.ma/fr/massira_1/voitures_d_occasion/Fiat_Uno_2000_en_bon_état_diesel_Marrakech_57710862.htm,Fiat Uno 2000 en bon état diesel Marrakech,24000 DH,2000,253000,Diesel,Manuelle,N/A,N/A
https://www.avito.ma/fr/biranzarane/voitures_d_occasion/VOLKSWAGEN_GOLF_8_STYLE_2022_57737608.htm,VOLKSWAGEN GOLF 8 STYLE 2022,0 DH,2022,50000,Diesel,Automatique,N/A,N/A
https://www.avito.ma/fr/hay_salam/voitures_d_occasion/Peugeot_208_Pack_active_2022_57614111.htm,Peugeot 208 Pack active 2022,0 DH,2022,87000,Diesel,Manuelle,N/A,N/A
https://www.avito.ma/fr/autre_secteur/voitures_d_occasion/Volkswagen_Touareg_57777599.htm,Volkswagen Touareg,359000 DH,2023,114800,Diesel,Automatique,N/A,N/A
https://www.avito.ma/fr/yacoub_el_mansour/voitures_d_occasion/BMW_SERIE_1___116_d___70_000_km_46251335.htm,BMW SERIE 1 - 116 d - 70.000 km,0 DH,2022,70000,Diesel,Automatique,N/A,N/A
https://www.avito.ma/fr/bournazil/voitures_d_occasion/Land_Rover_Range_Sport_Diesel_Automatique_2016_57145135.htm,Land Rover Range Sport Diesel Automatique 2016,245000 DH,2016,250000,Diesel,Automatique,N/A,N/A
https://www.avito.ma/fr/centre_ville/voitures_d_occasion/Kia_Ceed_Diesel_MHEV_Automatic_69k_2022_à_Tétouan_57421259.htm,Kia Ceed Diesel MHEV Automatic 69k 2022 à Tétouan,189000 DH,2022,69000,Diesel,Automatique,N/A,N/A
https://www.avito.ma/fr/massira/voitures_d_occasion/Maserati_Levante_Diesel_Automatique_2017_à_Rabat_57113296.htm,Maserati Levante Diesel Automatique 2017 à Rabat,0 DH,2017,120000,Diesel,Automatique,N/A,N/A
https://www.avito.ma/fr/autre_secteur/voitures_d_occasion/Skoda_diesel_automatique_hamza_57014903.htm,Skoda diesel automatique hamza,0 DH,2014,305000,Diesel,Automatique,N/A,N/A
https://www.avito.ma/fr/2_mars/voitures_d_occasion/Mini_Countryman_Essence_Automatique_2014_57719322.htm,Mini Countryman Essence Automatique 2014,135000 DH,2014,112000,Essence,Automatique,N/A,N/A
https://www.avito.ma/fr/les_amicales/voitures_d_occasion/Mercedes_C220d_57796348.htm,Mercedes C220d,0 DH,2016,190000,Diesel,Automatique,N/A,N/A
https://www.avito.ma/fr/route_de_casablanca/voitures_d_occasion/Voiture_à_vendre_57796060.htm,Voiture à vendre,105000 DH,2018,14000,Diesel,Manuelle,N/A,N/A
https://www.avito.ma/fr/sanaoubar/voitures_d_occasion/Peugeot_2008_Automatique_Diesel_2022_57481241.htm,Peugeot 2008 Automatique Diesel 2022,210000 DH,2022,148000,Diesel,Automatique,N/A,N/A
https://www.avito.ma/fr/abdelmoumen/voitures_d_occasion/Skoda_Octavia_Diesel_Automatique_2020_57771387.htm,Skoda Octavia Diesel Automatique 2020,215000 DH,2020,135000,Diesel,Automatique,N/A,N/A
https://www.avito.ma/fr/ain_sebaa/voitures_d_occasion/Hyundai_Santa_Fe_7_places_57504008.htm,Hyundai Santa Fe 7 places,195000 DH,2017,162000,Diesel,Automatique,N/A,N/A
https://www.avito.ma/fr/yacoub_el_mansour/voitures_d_occasion/BMW_520_d___SPORT_LINE_50052976.htm,BMW 520 d - SPORT LINE,0 DH,2018,150000,Diesel,Automatique,N/A,N/A
https://www.avito.ma/fr/el_houda/voitures_d_occasion/Volkswagen_Tiguan_Diesel_Automatique_2019_à_Agadir_57703029.htm,Volkswagen Tiguan Diesel Automatique 2019 à Agadir,0 DH,2019,180000,Diesel,Automatique,N/A,N/A
https://www.avito.ma/fr/marrakech/voitures_d_occasion/Porsche_Cayenne_Hybride_Automatique_2020_57731882.htm,Porsche Cayenne Hybride Automatique 2020,700000 DH,2020,127000,Hybride,Automatique,N/A,N/A
https://www.avito.ma/fr/autre_secteur/voitures_d_occasion/Voiture_modèle_2025_et_excellente_57795913.htm,Voiture modèle 2025 et excellente,220000 DH,2025,35000,Essence,Automatique,N/A,
https://www.avito.ma/fr/el_alia/voitures_d_occasion/Vente_BMW_Série_1_diesel_8_chevaux_D118_et_si_vous_voulez__Nak_57657762.htm,"Vente BMW Série 1 diesel 8 chevaux D118 et si vous voulez, Nak",92000 DH,2009,280,Diesel,Automatique,N/A,N/A
https://www.avito.ma/fr/ben_dibane/voitures_d_occasion/Tanger_Bnimakada_57795922.htm,Tanger Bnimakada,88000 DH,2010,240,Diesel,Manuelle,N/A,N/A
https://www.avito.ma/fr/autre_secteur/voitures_d_occasion/Peugeot_3008_57637105.htm,Peugeot 3008,230000 DH,2020,88000,Diesel,Automatique,N/A,N/A
https://www.avito.ma/fr/wifak/voitures_d_occasion/RENAULT_CLIO_Diesel_Manuelle_2023_56561883.htm,RENAULT CLIO Diesel Manuelle 2023,183000 DH,2023,68000,Diesel,Manuelle,N/A,N/A
https://www.avito.ma/fr/ain_sebaa/voitures_d_occasion/BMW_Série_1_Diesel_Automatique_2022_à_Casablanca_57071774.htm,BMW Série 1 Diesel Automatique 2022 à Casablanca,292700 DH,2022,45000,Diesel,Automatique,N/A,N/A
https://www.avito.ma/fr/berrechid/voitures_d_occasion/honda_civic_57796597.htm,honda civic,18 DH,2018,159,Diesel,Manuelle,N/A,N/A
https://www.avito.ma/fr/larache/voitures_d_occasion/Nissan_Qashqai_automatique_1ère_main_57796279.htm,Nissan Qashqai automatique 1ère main,25 DH,2021,100,Diesel,Automatique,N/A,N/A
https://www.avito.ma/fr/aïn_chock/voitures_d_occasion/Volkswagen_Caddy_Diesel_Automatique_2021_56732039.htm,Volkswagen Caddy Diesel Automatique 2021,0 DH,2021,120000,Diesel,Automatique,N/A,N/A
https://www.avito.ma/fr/sidi_bernoussi/voitures_d_occasion/Hyundai_Santafe_57779200.htm,Hyundai Santafe,0 DH,2018,180000,Diesel,Automatique,N/A,DESCRIPTION
https://www.avito.ma/fr/autre_secteur/voitures_d_occasion/hyundai_tucson_56577192.htm,hyundai tucson,315000 DH,2022,48000,Diesel,Automatique,N/A,N/A
https://www.avito.ma/fr/agadir/voitures_d_occasion/Volkswagen_Golf_3_Diesel_Manuelle_1998_à_Agadir_57796161.htm,Volkswagen Golf 3 Diesel Manuelle 1998 à Agadir,52000 DH,1998,100000,Diesel,Manuelle,N/A,N/A
https://www.avito.ma/fr/extension_dakhla/voitures_d_occasion/Dacia_Duster_2023_Automatique_1_6_57777011.htm,Dacia Duster 2023 Automatique 1.6,0 DH,2023,96000,Diesel,Automatique,N/A,N/A
https://www.avito.ma/fr/autre_secteur/voitures_d_occasion/Skoda_Karoq_SportLine_2023______57614267.htm,Skoda Karoq SportLine 2023❤️‍🔥,0 DH,2023,50000,Diesel,Automatique,N/A,N/A
https://www.avito.ma/fr/aïn_chock/voitures_d_occasion/Mercedes_classe_A200_57560167.htm,Mercedes classe A200,310000 DH,2023,130000,Diesel,Automatique,N/A,N/A
https://www.avito.ma/fr/hay_el_fath/voitures_d_occasion/CHEVROLET_CAMARO_ZL1_PACKAGE_2022_DED_2026_57653950.htm,CHEVROLET CAMARO ZL1 PACKAGE 2022 DED 2026,0 DH,2022,70000,Essence,Automatique,N/A,N/A
https://www.avito.ma/fr/anfa/voitures_d_occasion/Renault_Kangoo_1_5_dci_2012_57796025.htm,Renault Kangoo 1.5 dci 2012,97000 DH,2012,200000,Diesel,Manuelle,N/A,DESCRIPTION
https://www.avito.ma/fr/autre_secteur/voitures_d_occasion/Kia_Picanto_Essence_Automatique_2023_57554156.htm,Kia Picanto Essence Automatique 2023,0 DH,2023,58000,Essence,Automatique,N/A,N/A
https://www.avito.ma/fr/ain_el_hayani/voitures_d_occasion/MERCEDES_GLA_200d_2026_47932781.htm,MERCEDES GLA 200d 2026,0 DH,2026,1,Diesel,Automatique,N/A,N/A
https://www.avito.ma/fr/californie/voitures_d_occasion/Mercedes_GLA_210D_57796375.htm,Mercedes GLA 210D,190000 DH,2015,186000,Diesel,Automatique,N/A,N/A
https://www.avito.ma/fr/agdal/voitures_d_occasion/BMW_X2_Diesel_Automatique_2018_57247461.htm,BMW X2 Diesel Automatique 2018,275000 DH,2018,158000,Diesel,Automatique,N/A,N/A
https://www.avito.ma/fr/massira/voitures_d_occasion/hyndai_santa_fe_a_vendre_57670643.htm,hyndai santa fe a vendre,0 DH,2020,170000,Diesel,Automatique,N/A,N/A
https://www.avito.ma/fr/m_hamid/voitures_d_occasion/Hyundai_Tucson_Diesel_Automatique_2025_à_Marrakech_57796426.htm,Hyundai Tucson Diesel Automatique 2025 à Marrakech,255000 DH,2025,60000,Diesel,Automatique,N/A,N/A
https://www.avito.ma/fr/targa/voitures_d_occasion/CHEVROLET_ORLANDO_7_PLACES_AUTOMATIQUE_57781348.htm,CHEVROLET ORLANDO 7 PLACES AUTOMATIQUE,145000 DH,2014,158000,Diesel,Automatique,N/A,N/A
https://www.avito.ma/fr/al_hoceima/voitures_d_occasion/Mercedes_cla_220_4_matic_1_edition_57653762.htm,Mercedes cla 220 4 matic 1 edition,500000 DH,2020,38000,Diesel,Automatique,N/A,N/A
https://www.avito.ma/fr/mers_sultan/voitures_d_occasion/RANGE_ROVER_SPORT_SDV6_56954885.htm,RANGE ROVER SPORT SDV6,0 DH,2016,130000,Diesel,Automatique,N/A,N/A
https://www.avito.ma/fr/hay_riad/voitures_d_occasion/Audi_A4_diesel_fin_2021_57026882.htm,Audi A4 diesel fin 2021,0 DH,2021,72000,Diesel,Automatique,N/A,N/A
https://www.avito.ma/fr/centre_ville/voitures_d_occasion/Peugeot_208_à_vendre____comme_neuve_57692989.htm,Peugeot 208 à vendre... comme neuve,109000 DH,2017,74000,Diesel,Manuelle,N/A,N/A
https://www.avito.ma/fr/autre_secteur/voitures_d_occasion/Nissan_Qashqai_56132605.htm,Nissan Qashqai,0 DH,2021,114000,Diesel,Manuelle,N/A,N/A
https://www.avito.ma/fr/autre_secteur/voitures_d_occasion/Skoda_Yeti_bien_entretenue_56259014.htm,Skoda Yeti bien entretenue,0 DH,2014,195000,Diesel,Manuelle,N/A,N/A
https://www.avito.ma/fr/drissia/voitures_d_occasion/Peugeot_208_2024_très_bon_état_57731235.htm,Peugeot 208 2024 très bon état,175000 DH,2024,13900,Diesel,Manuelle,N/A,DESCRIPTION
https://www.avito.ma/fr/autre_secteur/voitures_d_occasion/Nissan_juke_modèle_2014_53852222.htm,Nissan juke modèle 2014,0 DH,2014,180000,Diesel,Manuelle,N/A,
https://www.avito.ma/fr/agdal/voitures_d_occasion/Tucson_Touristique_57683184.htm,Tucson Touristique,0 DH,2019,300000,Diesel,Manuelle,N/A,N/A
https://www.avito.ma/fr/aïn_chock/voitures_d_occasion/Jaguar_E_pace_2020_toit_panoramique_56531767.htm,Jaguar E pace 2020 toit panoramique,0 DH,2020,115000,Diesel,Automatique,N/A,N/A
https://www.avito.ma/fr/el_houda/voitures_d_occasion/Land_Rover_Range_Rover_Evoque_Diesel_Automatique_57594604.htm,Land Rover Range Rover Evoque Diesel Automatique,0 DH,2020,100000,Diesel,Automatique,N/A,N/A
https://www.avito.ma/fr/2_mars/voitures_d_occasion/Opel_Corsa_Diesel___GS_Line___57268654.htm,Opel Corsa Diesel - GS Line -,163000 DH,2023,48000,Diesel,Manuelle,N/A,N/A
https://www.avito.ma/fr/el_houda/voitures_d_occasion/Mercedes_Benz_Classe_C_Coupé_Automatique_2023_57723005.htm,Mercedes-Benz Classe C Coupé Automatique 2023,0 DH,2023,58000,Diesel,Automatique,N/A,N/A
https://www.avito.ma/fr/oasis/voitures_d_occasion/E_220_d_Coupé_2023_faible_km_à_Casablanca_55515197.htm,E 220 d Coupé 2023 faible km à Casablanca,0 DH,2023,12000,Diesel,Automatique,N/A,N/A
https://www.avito.ma/fr/agdal/voitures_d_occasion/AUDI_A5_SPORTBACK_Diesel_Automatique_2022_57099723.htm,AUDI A5 SPORTBACK Diesel Automatique 2022,370000 DH,2022,62000,Diesel,Automatique,N/A,N/A
https://www.avito.ma/fr/casablanca/voitures_d_occasion/Opel_Astra_Diesel_Manuelle_2010_à_Casablanca_57796211.htm,Opel Astra Diesel Manuelle 2010 à Casablanca,140000 DH,2010,106000,Diesel,Manuelle,N/A,N/A
https://www.avito.ma/fr/2_mars/voitures_d_occasion/Dacia_Sandero_tt_options_en_excellent_état_57737616.htm,Dacia Sandero tt options en excellent état,0 DH,2024,90000,Diesel,Manuelle,N/A,N/A
https://www.avito.ma/fr/autre_secteur/voitures_d_occasion/Mercedes_Benz_GLE350_DE_Coupe_2022_57681161.htm,Mercedes-Benz GLE350 DE Coupe 2022,0 DH,2022,90000,Diesel,Automatique,N/A,N/A
https://www.avito.ma/fr/californie/voitures_d_occasion/Audi_Q5_S_line_2022_Dédouanée_2026_57752171.htm,Audi Q5 S-line 2022 Dédouanée 2026,0 DH,2022,75000,Diesel,Automatique,N/A,N/A
https://www.avito.ma/fr/hay_riad/voitures_d_occasion/Rangerover_sport_56278071.htm,Rangerover sport,320000 DH,2017,195000,Diesel,Automatique,N/A,N/A
https://www.avito.ma/fr/californie/voitures_d_occasion/Range_Rover_03_2013_57535156.htm,Range Rover 03/2013,0 DH,2013,210000,Diesel,Automatique,N/A,N/A
https://www.avito.ma/fr/massar/voitures_d_occasion/Porsche_Cayenne_Hybride_Automatique_2020_57756354.htm,Porsche Cayenne Hybride Automatique 2020,700000 DH,2020,98000,Hybride,Automatique,N/A,N/A
https://www.avito.ma/fr/maarif/voitures_d_occasion/Mercedes_Benz_Classe_A_Diesel_Automatique_2025_57630148.htm,Mercedes-Benz Classe A Diesel Automatique 2025,0 DH,2025,3000,Diesel,Automatique,N/A,N/A
https://www.avito.ma/fr/marrakech/voitures_d_occasion/Mercedes_Benz_Classe_GLC_Diesel_Automatique_2016_57795845.htm,Mercedes-Benz Classe GLC Diesel Automatique 2016,215000 DH,2016,390000,Diesel,Automatique,N/A,N/A
https://www.avito.ma/fr/centre_ville/voitures_d_occasion/Volkswagen_Touareg_Rline_Diesel_2023_56139783.htm,Volkswagen Touareg Rline Diesel 2023,0 DH,2023,39000,Diesel,Automatique,N/A,DESCRIPTION
https://www.avito.ma/fr/autre_secteur/voitures_d_occasion/KIA___GEELY_CITYRAY_57796569.htm,KIA - GEELY CITYRAY,230000 DH,2025,15600,Essence,Automatique,N/A,N/A
https://www.avito.ma/fr/aviation___mabella/voitures_d_occasion/Land_Rover_Freelander_57783343.htm,Land Rover Freelander,108000 DH,2014,285000,Diesel,Automatique,N/A,N/A
https://www.avito.ma/fr/el_houda/voitures_d_occasion/Volkswagen_T_Roc_Diesel_Automatique_2021_12_57776678.htm,Volkswagen T-Roc Diesel Automatique 2021/12,0 DH,2021,61000,Diesel,Automatique,N/A,N/A
https://www.avito.ma/fr/biranzarane/voitures_d_occasion/BMW_X3_PACK_M_DIESEL_AUTOMATIQUE_2021_57609526.htm,BMW X3 PACK M DIESEL AUTOMATIQUE 2021,0 DH,2021,55000,Diesel,Automatique,N/A,N/A
https://www.avito.ma/fr/ain_sebaa/voitures_d_occasion/BMW_X3_sDrive_18d_xLine_50313938.htm,BMW X3 sDrive 18d xLine,372000 DH,2020,90000,Diesel,Automatique,N/A,N/A
https://www.avito.ma/fr/anfa/voitures_d_occasion/MG_ZS_Essence_Automatique_2023_à_Casablanca_57601523.htm,MG ZS Essence Automatique 2023 à Casablanca,195000 DH,2023,94851,Essence,Automatique,N/A,N/A
https://www.avito.ma/fr/centre_ville/voitures_d_occasion/Citroën_Berlingo_Top_57678331.htm,Citroën Berlingo Top,165000 DH,2021,102000,Diesel,Manuelle,N/A,N/A
https://www.avito.ma/fr/guéliz/voitures_d_occasion/Mercedes_Benz_Classe_G_Essence_Automatique_2022_57615650.htm,Mercedes-Benz Classe G Essence Automatique 2022,3150000 DH,2022,3000,Essence,Automatique,N/A,N/A
https://www.avito.ma/fr/route_de_sefrou/voitures_d_occasion/Geely_Cityray_56182843.htm,Geely Cityray,0 DH,2025,0,Essence,Automatique,N/A,N/A
https://www.avito.ma/fr/casablanca/voitures_d_occasion/Hyundai_Accent_Diesel_Automatique_2022_57772289.htm,Hyundai Accent Diesel Automatique 2022,148000 DH,2022,108,Diesel,Automatique,N/A,N/A
https://www.avito.ma/fr/drissia/voitures_d_occasion/Hyundai_Santa_Fe_Diesel_Automatique_2022_à_Tanger_57656665.htm,Hyundai Santa Fe Diesel Automatique 2022 à Tanger,408500 DH,2022,82150,Diesel,Automatique,N/A,N/A
https://www.avito.ma/fr/guéliz/voitures_d_occasion/GLC_Hybride_diesel__12_2020__Dédouaner_09_2025__57777276.htm,GLC Hybride diesel .12/2020. Dédouaner 09/2025.,570000 DH,2020,138000,Hybride,Automatique,N/A,N/A
https://www.avito.ma/fr/ben_m_sick/voitures_d_occasion/Vente_Voiture_Hyundai_Accent_Oct_2022_Automatique_57700013.htm,Vente Voiture Hyundai Accent Oct 2022 Automatique,162000 DH,2022,65000,Diesel,Automatique,N/A,N/A
https://www.avito.ma/fr/autre_secteur/voitures_d_occasion/Audi_Q5_Diesel_Automatique_2022_à_Marrakech_57508645.htm,Audi Q5 Diesel Automatique 2022 à Marrakech,0 DH,2022,71000,Diesel,Automatique,N/A,N/A
https://www.avito.ma/fr/oulfa/voitures_d_occasion/Porsche_Macan_en_très_bon_état_57707830.htm,Porsche Macan en très bon état,345000 DH,2016,120000,Diesel,Automatique,N/A,N/A
https://www.avito.ma/fr/béni_mellal/voitures_d_occasion/Mercedes_Benz_Classe_GLE_350de_2024_dédouanée_2026_57753206.htm,Mercedes-Benz Classe GLE 350de 2024 dédouanée 2026,0 DH,2024,60000,Diesel,Automatique,N/A,N/A
https://www.avito.ma/fr/anfa/voitures_d_occasion/Maserati_Ghibli_Diesel_Automatique_2014_57145617.htm,Maserati Ghibli Diesel Automatique 2014,0 DH,2014,190000,Diesel,Automatique,N/A,N/A
https://www.avito.ma/fr/khouribga/voitures_d_occasion/Peugeot_208_Active_54043807.htm,Peugeot 208 Active,152000 DH,2023,100000,Diesel,Manuelle,N/A,N/A
https://www.avito.ma/fr/aïn_diab/voitures_d_occasion/Maserati_Ghibli_1ère_main_57796408.htm,Maserati Ghibli 1ère main,245000 DH,2016,120000,Diesel,Automatique,N/A,N/A
https://www.avito.ma/fr/centre_ville/voitures_d_occasion/GLE_350de_4_matic_57731420.htm,GLE 350de 4 matic,0 DH,2022,99000,Diesel,Automatique,N/A,N/A
https://www.avito.ma/fr/maarif/voitures_d_occasion/Ford_Mustang_Essence_Automatique_2022_à_Casablanca_57714560.htm,Ford Mustang Essence Automatique 2022 à Casablanca,0 DH,2022,53200,Essence,Automatique,N/A,N/A
https://www.avito.ma/fr/oulfa/voitures_d_occasion/Audi_Q3_Diesel_Automatique_2022_à_Casablanca_57761276.htm,Audi Q3 Diesel Automatique 2022 à Casablanca,0 DH,2022,132000,Diesel,Automatique,N/A,N/A
https://www.avito.ma/fr/el_houda/voitures_d_occasion/Land_Rover_Range_Rover_Velar_Diesel_11_2017_57027397.htm,Land Rover Range Rover Velar Diesel 11/2017,0 DH,2017,95000,Diesel,Automatique,N/A,DESCRIPTION  VOIR PLUS
https://www.avito.ma/fr/ain_sebaa/voitures_d_occasion/CITROEN_C5_AirCross_2_0_BlueHDi_Shine_50313508.htm,CITROEN C5 AirCross 2.0 BlueHDi Shine,288000 DH,2024,56000,Diesel,Automatique,N/A,N/A
https://www.avito.ma/fr/hay_el_fath/voitures_d_occasion/Classe_A_180d_57648385.htm,Classe A 180d,170000 DH,2014,146000,Diesel,Automatique,N/A,N/A
https://www.avito.ma/fr/oulfa/voitures_d_occasion/Kia_Sportage_Diesel_Manuelle_2020_à_Casablanca_57738035.htm,Kia Sportage Diesel Manuelle 2020 à Casablanca,198000 DH,2020,117300,Diesel,Manuelle,N/A,N/A
https://www.avito.ma/fr/mers_sultan/voitures_d_occasion/Renault_Mégane_explore_2021_49855097.htm,Renault Mégane explore 2021,165000 DH,2021,102000,Diesel,Manuelle,N/A,N/A
https://www.avito.ma/fr/dcheira/voitures_d_occasion/T_ROC_à_vendre_dédouanée_57796668.htm,T-ROC à vendre dédouanée,240000 DH,2019,149800,Diesel,Manuelle,N/A,N/A
https://www.avito.ma/fr/anfa/voitures_d_occasion/Mercedes_Benz_GLC_300DE__Importée_Neuve__2026_53487668.htm,Mercedes-Benz GLC 300DE (Importée Neuve) 2026,0 DH,2025,0,Hybride,Automatique,N/A,N/A
https://www.avito.ma/fr/agdal/voitures_d_occasion/Range_Rover_Vogue_2017_57278287.htm,Range Rover Vogue 2017,0 DH,2021,220000,Diesel,Manuelle,N/A,N/A
https://www.avito.ma/fr/californie/voitures_d_occasion/VW_Touareg_Extrem_2019_57796124.htm,VW Touareg Extrem 2019,240000 DH,2019,130000,Diesel,Automatique,N/A,N/A
https://www.avito.ma/fr/quartier_du_soleil/voitures_d_occasion/2008_Allure_57246264.htm,2008 Allure,0 DH,2024,8000,Diesel,Automatique,N/A,N/A
https://www.avito.ma/fr/ancienne_médina/voitures_d_occasion/Seat_Leon_Diesel_Automatique_2015_à_ben_grire_57625255.htm,Seat Leon Diesel Automatique 2015 à ben grire,153000 DH,2015,160000,Diesel,Automatique,N/A,N/A
https://www.avito.ma/fr/ain_sebaa/voitures_d_occasion/Peugeot_208_1_5_Allure_Pack_55845420.htm,Peugeot 208 1.5 Allure Pack,194000 DH,2023,80000,Diesel,Automatique,N/A,N/A
https://www.avito.ma/fr/marrakech/voitures_d_occasion/Hyundai_i20_Essence_Manuelle_2011_à_Marrakech_57771880.htm,Hyundai i20 Essence Manuelle 2011 à Marrakech,84000 DH,2011,93700,Essence,Manuelle,N/A,N/A
https://www.avito.ma/fr/hay_riad/voitures_d_occasion/Vends_Opel_Astra_diesel__modèle_avril_2017_RABAT_57796220.htm,"Vente Opel Astra diesel, modèle avril 2017 RABAT",145000 DH,2017,84000,Diesel,Manuelle,N/A,
https://www.avito.ma/fr/lissasfa/voitures_d_occasion/Peugeot_308_diesel_2021_manuelle_55489019.htm,Peugeot 308 diesel 2021 manuelle,0 DH,2021,130000,Diesel,Manuelle,N/A,N/A
https://www.avito.ma/fr/hay_karima/voitures_d_occasion/Peugeot_301_diesel_2021_allure_à_vendre_56178746.htm,Peugeot 301 diesel 2021 allure à vendre,135000 DH,2021,105000,Diesel,Manuelle,N/A,N/A
https://www.avito.ma/fr/mabrouka/voitures_d_occasion/Dacia_Streetway_modèle_2022_57795613.htm,Dacia Streetway modèle 2022,140000 DH,2022,56000,Diesel,Manuelle,N/A,
https://www.avito.ma/fr/quods/voitures_d_occasion/Bonne_voiture_57796103.htm,Bonne voiture,145000 DH,2018,120000,Diesel,Manuelle,N/A,N/A
https://www.avito.ma/fr/hay_riad/voitures_d_occasion/Volkswagen_Touareg_Diesel_Automatique_2017_à_Rabat_57727520.htm,Volkswagen Touareg Diesel Automatique 2017 à Rabat,0 DH,2017,260000,Diesel,Automatique,N/A,DESCRIPTION
https://www.avito.ma/fr/anfa/voitures_d_occasion/Qashqai_Essence_BVA_fin_2022_57149366.htm,Qashqai Essence BVA fin 2022,220000 DH,2023,36000,Essence,Automatique,N/A,N/A
https://www.avito.ma/fr/médina_de_rabat/voitures_d_occasion/Renault_megane_4_explore_phase_2_57430537.htm,Renault megane 4 explore phase 2,197000 DH,2022,100,Diesel,Automatique,N/A,N/A
https://www.avito.ma/fr/tanger/voitures_d_occasion/Toyota_Corolla_Hybride_Automatique_2023_à_Tanger_57796024.htm,Toyota Corolla Hybride Automatique 2023 à Tanger,0 DH,2023,30000,Hybride,Automatique,N/A,N/A
https://www.avito.ma/fr/al_hadiqa/voitures_d_occasion/WOLKSVAGEN_TOUAREG_R_LINE_57512288.htm,WOLKSVAGEN TOUAREG R LINE,255000 DH,2019,154000,Diesel,Automatique,N/A,N/A
https://www.avito.ma/fr/maarif/voitures_d_occasion/Audi_Q7_quattro_7_places_2022_57747577.htm,Audi Q7 quattro 7 places 2022,385000 DH,2022,150000,Diesel,Automatique,N/A,N/A
https://www.avito.ma/fr/hay_el_fath/voitures_d_occasion/Volkswagen_Passat_CC_2016_2_0_TDI_140ch_57460878.htm,Volkswagen Passat CC 2016 2.0 TDI 140ch,165000 DH,2016,265000,Diesel,Manuelle,N/A,N/A
https://www.avito.ma/fr/autre_secteur/voitures_d_occasion/Ford_Focus_sport_2015_1ere_main_peinture_d_origine_57625105.htm,Ford Focus sport 2015 1ere main peinture d’origine,145000 DH,2015,180000,Diesel,Manuelle,N/A,N/A
https://www.avito.ma/fr/centre_ville/voitures_d_occasion/BMW_Série_5_Diesel_Automatique_2021_à_Marrakech_57791934.htm,BMW Série 5 Diesel Automatique 2021 à Marrakech,0 DH,2021,110000,Diesel,Automatique,N/A,N/A
https://www.avito.ma/fr/hay_riad/voitures_d_occasion/Audi_A6_Diesel_Automatique_57282598.htm,Audi A6 Diesel Automatique,0 DH,2023,100000,Diesel,Automatique,N/A,N/A
https://www.avito.ma/fr/maarif/voitures_d_occasion/Porsche_Macan_Essence_Automatique_2021_57697702.htm,Porsche Macan Essence Automatique 2021,0 DH,2021,50000,Essence,Automatique,N/A,N/A
https://www.avito.ma/fr/salmia/voitures_d_occasion/Volvo_XC40_57775508.htm,Volvo XC40,250000 DH,2021,115000,Electrique,Automatique,N/A,DESCRIPTION
https://www.avito.ma/fr/hay_el_fath/voitures_d_occasion/Maserati_Levante_Diesel_Automatique_2017_à_Rabat_56994815.htm,Maserati Levante Diesel Automatique 2017 à Rabat,0 DH,2017,110000,Diesel,Automatique,N/A,N/A
https://www.avito.ma/fr/autre_secteur/voitures_d_occasion/Toyota_Corolla_Diesel_Manuelle_2002_à_Agadir_57796626.htm,Toyota Corolla Diesel Manuelle 2002 à Agadir,65000 DH,2002,0,Diesel,Manuelle,N/A,N/A
https://www.avito.ma/fr/centre/voitures_d_occasion/DACIA_LOGAN_SUMMER_1_5_DCI_2021_57022281.htm,DACIA LOGAN SUMMER 1.5 DCI 2021,117000 DH,2021,140000,Diesel,Manuelle,N/A,N/A
https://www.avito.ma/fr/sala_el_jadida/voitures_d_occasion/Peugeot_3008_GT_Black_Pack_57546730.htm,Peugeot 3008 GT Black Pack,0 DH,2022,810000,Diesel,Automatique,N/A,DESCRIPTION  VOIR PLUS
https://www.avito.ma/fr/autre_secteur/voitures_d_occasion/Volkswagen_Tiguan_2017_Automatique_55875961.htm,Volkswagen Tiguan 2017 Automatique,0 DH,2017,150000,Diesel,Automatique,N/A,N/A
https://www.avito.ma/fr/route_de_sefrou/voitures_d_occasion/Kadjar_Intens_2018_57795730.htm,Kadjar Intens 2018,190000 DH,2018,184000,Diesel,Automatique,N/A,N/A
https://www.avito.ma/fr/centre_ville/voitures_d_occasion/LAND_ROVER_RANGE_ROVER_SPORT_2017_56565619.htm,LAND-ROVER RANGE ROVER SPORT 2017,290000 DH,2017,162501,Diesel,Automatique,N/A,N/A
https://www.avito.ma/fr/hay_zaytoun/voitures_d_occasion/Kia_Picanto_Essence_2008_56331123.htm,Kia Picanto Essence 2008,57000 DH,2008,177000,Essence,Manuelle,N/A,N/A
https://www.avito.ma/fr/californie/voitures_d_occasion/Mercedes_Benz_Classe_GLA_Diesel_Automatique_2023_57103577.htm,Mercedes-Benz Classe GLA Diesel Automatique 2023,0 DH,2023,30000,Diesel,Automatique,N/A,N/A
https://www.avito.ma/fr/ain_amiyer/voitures_d_occasion/MERCEDES_BENZ_CLASSE_A_57766474.htm,MERCEDES BENZ CLASSE A,348000 DH,2021,0,Diesel,Automatique,N/A,N/A
https://www.avito.ma/fr/larache/voitures_d_occasion/Renault_Clio_4_Diesel_Manuelle_2021_à_Larache_57699148.htm,Renault Clio 4 Diesel Manuelle 2021 à Larache,0 DH,2021,190000,Diesel,Manuelle,N/A,N/A
https://www.avito.ma/fr/targa/voitures_d_occasion/Dacia_Lougane_2015_57796363.htm,Dacia Lougane 2015,103000 DH,2015,126000,Diesel,Manuelle,N/A,N/A
https://www.avito.ma/fr/hay_al_bassatine/voitures_d_occasion/Classe_C200_56734256.htm,Classe C200,375000 DH,2019,140000,Diesel,Automatique,N/A,DESCRIPTION
https://www.avito.ma/fr/guéliz/voitures_d_occasion/Fiat_500_tout_option_56858854.htm,Fiat 500 tout option,123000 DH,2023,100000,Essence,Automatique,N/A,DESCRIPTION
https://www.avito.ma/fr/route_ain_chkaf/voitures_d_occasion/Citroën_C_Elysée_Diesel_Manuelle_2024_à_Fès_57776046.htm,Citroën C-Elysée Diesel Manuelle 2024 à Fès,138000 DH,2024,67000,Diesel,Manuelle,N/A,N/A
https://www.avito.ma/fr/hay_zaytoun/voitures_d_occasion/Dokker_2019_57030842.htm,Dokker 2019,132000 DH,2019,100,Diesel,Manuelle,N/A,N/A
https://www.avito.ma/fr/autre_secteur/voitures_d_occasion/mini_countryman_57648332.htm,mini countryman,167000 DH,2016,141000,Diesel,Automatique,N/A,N/A
https://www.avito.ma/fr/sidi_maarouf/voitures_d_occasion/MERCEDES_CLASSE_E_DIESEL_V6_57255994.htm,MERCEDES CLASSE E DIESEL V6,115000 DH,2013,250000,Diesel,Automatique,N/A,N/A
https://www.avito.ma/fr/khemisset/voitures_d_occasion/Toyota_Yaris_Hybride_Automatique_2023_à_Khémisset_57796004.htm,Toyota Yaris Hybride Automatique 2023 à Khémisset,240000 DH,2023,50000,Hybride,Automatique,N/A,N/A
https://www.avito.ma/fr/californie/voitures_d_occasion/Fiat_500_Essence_Automatique_2022_à_Casablanca_57772529.htm,Fiat 500 Essence Automatique 2022 à Casablanca,145000 DH,2022,50000,Essence,Automatique,N/A,N/A
https://www.avito.ma/fr/quartier_de_l_océan/voitures_d_occasion/Dacia_jogger_toute_neuve_57796630.htm,Dacia jogger toute neuve,0 DH,2025,36000,Diesel,Manuelle,N/A,N/A
https://www.avito.ma/fr/californie/voitures_d_occasion/Classe_G_400d_57777094.htm,Classe G 400d,0 DH,2021,28000,Diesel,Automatique,N/A,N/A
https://www.avito.ma/fr/oasis/voitures_d_occasion/Jeep_Wrangler_57705208.htm,Jeep Wrangler,268000 DH,2017,264602,Diesel,Automatique,N/A,N/A
https://www.avito.ma/fr/maârif_extension/voitures_d_occasion/Toyota_Fortuner_Diesel_Automatique_2021_57367494.htm,Toyota Fortuner Diesel Automatique 2021,0 DH,2021,102000,Diesel,Automatique,N/A,N/A
https://www.avito.ma/fr/haut_founty/voitures_d_occasion/Mercedes_GLE_350_57743577.htm,Mercedes GLE 350,495000 DH,2018,160000,Diesel,Automatique,N/A,N/A
https://www.avito.ma/fr/centre_ville/voitures_d_occasion/Porsche_Cayenne_Diesel_Automatique_2016_55537778.htm,Porsche Cayenne Diesel Automatique 2016,375000 DH,2016,140000,Diesel,Automatique,N/A,N/A
https://www.avito.ma/fr/oulfa/voitures_d_occasion/Toyota_Corolla_Prestige_57795739.htm,Toyota Corolla Prestige,133000 DH,2015,160,Diesel,Manuelle,N/A,N/A
https://www.avito.ma/fr/centre/voitures_d_occasion/MERCEDES_A_200d_AMG_LINE_2020_DOUANE_2025_FULL_57561342.htm,MERCEDES A 200d AMG LINE 2020 DOUANE 2025 FULL,368000 DH,2020,120000,Diesel,Automatique,N/A,N/A
https://www.avito.ma/fr/sala_el_jadida/voitures_d_occasion/Fait_Fireno_57430399.htm,Fait Fireno,0 DH,2023,126,Diesel,Manuelle,N/A,N/A
https://www.avito.ma/fr/hamria/voitures_d_occasion/Alfa_Romeo_version_sprint_53954863.htm,Alfa Romeo version sprint,175000 DH,2021,80000,Diesel,Automatique,N/A,N/A
https://www.avito.ma/fr/hassan/voitures_d_occasion/Mercedes_Classe_C_300de_Hybride_57251983.htm,Mercedes Classe C 300de Hybride,480000 DH,2021,85000,Hybride,Automatique,N/A,N/A
https://www.avito.ma/fr/autre_secteur/voitures_d_occasion/Citroën_C5_Diesel_Automatique_2010_à_Tanger_57715044.htm,Citroën C5 Diesel Automatique 2010 à Tanger,83000 DH,2010,157000,Diesel,Automatique,N/A,N/A
https://www.avito.ma/fr/lissasfa/voitures_d_occasion/Dacia_Logan_Essence_Manuelle_2024_à_Casablanca_57552810.htm,Dacia Logan Essence Manuelle 2024 à Casablanca,123000 DH,2024,35296,Essence,Manuelle,N/A,N/A
https://www.avito.ma/fr/2_mars/voitures_d_occasion/Range_sport_diwana_56153271.htm,Range sport diwana,115000 DH,2010,200000,Diesel,Automatique,N/A,N/A
https://www.avito.ma/fr/hay_riad/voitures_d_occasion/Opel_Astra_Diesel_Manuelle_2010_à_Rabat_57725862.htm,Opel Astra Diesel Manuelle 2010 à Rabat,85000 DH,2010,210000,Diesel,Manuelle,N/A,N/A
https://www.avito.ma/fr/autre_secteur/voitures_d_occasion/JEEP_RENEGADE_AUTOMATIQUE_56910867.htm,JEEP RENEGADE AUTOMATIQUE,0 DH,2019,130000,Diesel,Automatique,N/A,N/A
https://www.avito.ma/fr/maarif/voitures_d_occasion/BMW_X3_57723992.htm,BMW X3,278000 DH,2018,151225,Diesel,Automatique,N/A,N/A
https://www.avito.ma/fr/dar_bouazza/voitures_d_occasion/Volvo_S60_Diesel_Automatique_2017_à_Dar_Bouazza_57762072.htm,Volvo S60 Diesel Automatique 2017 à Dar Bouazza,149000 DH,2017,229000,Diesel,Automatique,N/A,N/A
https://www.avito.ma/fr/safi/voitures_d_occasion/Volkswagen_Golf_7_Diesel_Automatique_2020_à_Safi_57766619.htm,Volkswagen Golf 7 Diesel Automatique 2020 à Safi,225000 DH,2020,140000,Diesel,Automatique,N/A,N/A
https://www.avito.ma/fr/californie/voitures_d_occasion/Renault_Arkana_Hybride_2025_57747117.htm,Renault Arkana Hybride 2025,0 DH,2025,8000,Hybride,Automatique,N/A,N/A
https://www.avito.ma/fr/targa/voitures_d_occasion/Belle_PEUGEOT_2008_encore_NEUVE_57722807.htm,Belle PEUGEOT 2008 encore NEUVE,0 DH,2021,15700,Diesel,Manuelle,N/A,N/A
https://www.avito.ma/fr/aïn_chock/voitures_d_occasion/Ford_Kuga_Titanium_2021_automatique_54969081.htm,Ford Kuga Titanium 2021 automatique,0 DH,2021,100000,Essence,Automatique,N/A,N/A
https://www.avito.ma/fr/hay_el_fath/voitures_d_occasion/PORSCHE_CAYENNE_S_IMPORTÉ_NEUF_PREMIERE_MAIN_57709628.htm,PORSCHE CAYENNE S IMPORTÉ NEUF PREMIERE MAIN,0 DH,2018,135000,Diesel,Automatique,N/A,N/A
https://www.avito.ma/fr/hay_qods/voitures_d_occasion/Peugeot_Partner_Diesel_Manuelle_2004_à_Agadir_57796096.htm,Peugeot Partner Diesel Manuelle 2004 à Agadir,68000 DH,2004,300000,Diesel,Manuelle,N/A,N/A
https://www.avito.ma/fr/autre_secteur/voitures_d_occasion/Nissan_Qashqai_57564806.htm,Nissan Qashqai,0 DH,2018,130000,Diesel,Manuelle,N/A,DESCRIPTION
https://www.avito.ma/fr/sid_l_mokhtar/voitures_d_occasion/Dacia_Logan_2007_diesel_57796152.htm,Dacia Logan 2007 diesel,600000 DH,2007,317029,Diesel,Manuelle,N/A,N/A
https://www.avito.ma/fr/massira_1/voitures_d_occasion/Jeep_Renegade_Diesel_Automatique_2021_à_Marrakech_57796005.htm,Jeep Renegade Diesel Automatique 2021 à Marrakech,213000 DH,2021,116000,Diesel,Automatique,N/A,N/A
https://www.avito.ma/fr/aïn_borja/voitures_d_occasion/Toyota_Prado_Diesel_Manuelle_2023_à_Casablanca_57792150.htm,Toyota Prado Diesel Manuelle 2023 à Casablanca,0 DH,2023,139000,Diesel,Manuelle,N/A,N/A
https://www.avito.ma/fr/2_mars/voitures_d_occasion/Nissan_1ère_main_57684457.htm,Nissan 1ère main,188000 DH,2021,95000,Essence,Automatique,N/A,N/A
https://www.avito.ma/fr/2_mars/voitures_d_occasion/BMW_Série_5_automatique_57653768.htm,BMW Série 5 automatique,39000 DH,1995,500000,Diesel,Automatique,N/A,N/A
https://www.avito.ma/fr/guich_oudaya/voitures_d_occasion/Mercedes_Classe_E_220_Diesel_57386752.htm,Mercedes Classe E 220 Diesel,245000 DH,2016,130000,Diesel,Automatique,N/A,N/A
https://www.avito.ma/fr/sala_el_jadida/voitures_d_occasion/Renault_Clio_Diesel_Manuelle_2023_à_Salé_57387755.htm,Renault Clio Diesel Manuelle 2023 à Salé,0 DH,2023,62000,Diesel,Manuelle,N/A,N/A
https://www.avito.ma/fr/sidi_ghanem/voitures_d_occasion/Land_Rover_Range_Rover_Diesel_Automatique_2012_57673128.htm,Land Rover Range Rover Diesel Automatique 2012,0 DH,2012,200000,Diesel,Automatique,N/A,N/A
https://www.avito.ma/fr/autre_secteur/voitures_d_occasion/Mercedes_Benz_Classe_A220_Diesel_Automatique_2021_57715099.htm,Mercedes-Benz Classe A220 Diesel Automatique 2021,0 DH,2021,80000,Diesel,Automatique,N/A,N/A
https://www.avito.ma/fr/al_mandar_al_jamil/voitures_d_occasion/Volkswagen_Golf_7_Diesel_Automatique_2018_à_Tanger_57476555.htm,Volkswagen Golf 7 Diesel Automatique 2018 à Tanger,210000 DH,2018,152000,Diesel,Automatique,N/A,N/A
https://www.avito.ma/fr/centre_ville/voitures_d_occasion/Land_Rover_Range_Rover_Sport_Diesel_2015_57756852.htm,Land Rover Range Rover Sport Diesel 2015,0 DH,2015,200000,Diesel,Automatique,N/A,DESCRIPTION
https://www.avito.ma/fr/autre_secteur/voitures_d_occasion/Ford_fiesta_essence_57766088.htm,Ford fiesta essence,83000 DH,2014,150000,Essence,Manuelle,N/A,N/A
https://www.avito.ma/fr/tamesna/voitures_d_occasion/Kia_Picanto_modèle_2007_voiture_propre_57744686.htm,Kia Picanto modèle 2007 voiture propre,5500 DH,2007,129,Essence,Manuelle,N/A,
https://www.avito.ma/fr/sidi_ghanem/voitures_d_occasion/Mini_Cooper_Essence_Manuelle_2009_à_Marrakech_56715077.htm,Mini Cooper Essence Manuelle 2009 à Marrakech,105000 DH,2009,110000,Essence,Manuelle,N/A,N/A
https://www.avito.ma/fr/ain_sebaa/voitures_d_occasion/Peugeot_208_1_6_HDi_92_Allure_Pack_55834011.htm,Peugeot 208 1.6 HDi 92 Allure Pack,192000 DH,2023,55357,Diesel,Automatique,N/A,N/A
https://www.avito.ma/fr/autre_secteur/voitures_d_occasion/BMW_X3_57683336.htm,BMW X3,245000 DH,2018,136000,Diesel,Automatique,N/A,N/A
https://www.avito.ma/fr/sidi_slimane/voitures_d_occasion/Mercedes_Benz_Classe_C200_cdi_Auto_2007_full_57796291.htm,Mercedes-Benz Classe C200 cdi Auto 2007 full,100000 DH,2007,400000,Diesel,Automatique,N/A,N/A
https://www.avito.ma/fr/autre_secteur/voitures_d_occasion/Kangoo_2017_57795792.htm,Kangoo 2017,127000 DH,2017,189000,Diesel,Manuelle,N/A,N/A
https://www.avito.ma/fr/biranzarane/voitures_d_occasion/BMW_SERIE_3_DIESEL_AUTOMATIQUE_2022_57483521.htm,BMW SERIE 3 DIESEL AUTOMATIQUE 2022,0 DH,2022,120000,Diesel,Automatique,N/A,N/A
https://www.avito.ma/fr/wilaya/voitures_d_occasion/Nissan_Qashqai_Diesel_Manuelle_2011_à_Tétouan_57791463.htm,Nissan Qashqai Diesel Manuelle 2011 à Tétouan,125000 DH,2011,156000,Diesel,Manuelle,N/A,N/A
https://www.avito.ma/fr/2_mars/voitures_d_occasion/Opel_Astra_57755844.htm,Opel Astra,257000 DH,2023,32000,Diesel,Automatique,N/A,N/A
https://www.avito.ma/fr/hay_mohammadi/voitures_d_occasion/Citroën_C3_57723464.htm,Citroën C3,127000 DH,2019,97400,Diesel,Manuelle,N/A,N/A
https://www.avito.ma/fr/2_mars/voitures_d_occasion/Volkswagen_T_Roc_2_0_TDI_143_DSG_Finition_Design_57795596.htm,Volkswagen T-Roc 2.0 TDI 143 DSG Finition Design,253000 DH,2021,71000,Diesel,Automatique,N/A,N/A
https://www.avito.ma/fr/maarif/voitures_d_occasion/Renault_arkana_hybride_E_tech_black_line_57413139.htm,Renault arkana hybride E tech black line,265000 DH,2023,30000,Hybride,Automatique,N/A,N/A
https://www.avito.ma/fr/2_mars/voitures_d_occasion/Volkswagen_T_Roc_Diesel_Automatique_2023_57719247.htm,Volkswagen T-Roc Diesel Automatique 2023,0 DH,2023,102000,Diesel,Automatique,N/A,N/A
https://www.avito.ma/fr/2_mars/voitures_d_occasion/Dacia_Duster_57682543.htm,Dacia Duster,163000 DH,2021,97000,Diesel,Manuelle,N/A,N/A
https://www.avito.ma/fr/californie/voitures_d_occasion/Série_318d_pack_sport_57654384.htm,Série 318d pack sport,0 DH,2022,65000,Diesel,Automatique,N/A,N/A
https://www.avito.ma/fr/aïn_chock/voitures_d_occasion/AUDI_A5_SPORTBACK_Diesel_Automatique_2020_57135920.htm,This site can’t be reached,N/A,N/A,N/A,N/A,N/A,N/A,N/A
https://www.avito.ma/fr/mers_sultan/voitures_d_occasion/HONDA_JAZZ_HYBRIDE_AUTOMATIQUE_57552339.htm,HONDA JAZZ HYBRIDE AUTOMATIQUE,185000 DH,2024,10000,Hybride,Automatique,N/A,N/A
https://www.avito.ma/fr/jawhara/voitures_d_occasion/Volkswagen_Tiguan_Diesel_Automatique_2017_57787499.htm,Volkswagen Tiguan Diesel Automatique 2017,0 DH,2017,170000,Diesel,Automatique,N/A,N/A
https://www.avito.ma/fr/hay_riad/voitures_d_occasion/2024_Peugeot_3008_Rabat_57552310.htm,2024 Peugeot 3008 Rabat,259000 DH,2024,94000,Diesel,Automatique,N/A,N/A
https://www.avito.ma/fr/sidi_maarouf/voitures_d_occasion/Mazda_CX_7__2011_diesel__57795888.htm,Mazda CX-7 (2011 diesel),0 DH,2011,138,Diesel,Manuelle,N/A,N/A
https://www.avito.ma/fr/centre_ville/voitures_d_occasion/Kia_Carens_Diesel_7Places_2022_56140741.htm,Kia Carens Diesel 7Places 2022,0 DH,2022,120000,Diesel,Automatique,N/A,DESCRIPTION
https://www.avito.ma/fr/el_houda/voitures_d_occasion/Karoq_2022_dédouane_2025_11_55473617.htm,Karoq 2022 dédouane 2025/11,285000 DH,2022,240,Diesel,Automatique,N/A,N/A
https://www.avito.ma/fr/hay_atlas/voitures_d_occasion/Mercedes_Benz_GLC_220_4_MATIC_Bon_état__57475129.htm,Mercedes-Benz GLC 220 4 MATIC Bon état.,0 DH,2024,30000,Diesel,Automatique,N/A,N/A
https://www.avito.ma/fr/anfa/voitures_d_occasion/Honda_Accord_Hybride_EX_Large_0km_55080127.htm,Honda Accord Hybride EX-Large 0km,0 DH,2024,0,Hybride,Automatique,N/A,N/A
https://www.avito.ma/fr/el_alia/voitures_d_occasion/Citroën_Rifter_neuve_57795586.htm,Voitures d'occasion    à vendre au  Maroc : 100013 annonces,N/A,N/A,km km,Diesel Essence Electrique LPG Hybride,Automatique Manuelle,CHOISIR  - MODÈLE CHEVRONRIGHT ICON,CHOISIR MARQUE -  CHEVRONRIGHT ICON
https://www.avito.ma/fr/aïn_borja/voitures_d_occasion/Volkswagen_Golf_56102863.htm,Volkswagen Golf,0 DH,2019,130000,Diesel,Automatique,N/A,N/A
https://www.avito.ma/fr/moulay_youssef/voitures_d_occasion/Audi_SQ5_Essence_Automatique_2026_à_Tanger_57642690.htm,Audi SQ5 Essence Automatique 2026 à Tanger,0 DH,2026,0,Essence,Automatique,N/A,N/A
https://www.avito.ma/fr/anfa/voitures_d_occasion/Volvo_XV_40_55036534.htm,Volvo XV 40,235000 DH,2018,115000,Diesel,Automatique,N/A,N/A
https://www.avito.ma/fr/autre_secteur/voitures_d_occasion/Opel_Mokka_Diesel_Manuelle_2022_57631478.htm,Opel Mokka Diesel Manuelle 2022,0 DH,2022,58000,Diesel,Manuelle,N/A,N/A
https://www.avito.ma/fr/drissia/voitures_d_occasion/DS_DS7_OPERA_2021_DIESEL_AUTOMATIQUE_À_TANGER_57558844.htm,DS DS7 OPERA 2021 DIESEL AUTOMATIQUE À TANGER,289000 DH,2022,85000,Diesel,Automatique,N/A,N/A
https://www.avito.ma/fr/ain_sebaa/voitures_d_occasion/PEUGEOT_3008_Diesel_Manuelle_2019_56872227.htm,PEUGEOT 3008 Diesel Manuelle 2019,195000 DH,2019,126329,Diesel,Manuelle,N/A,N/A
https://www.avito.ma/fr/bournazil/voitures_d_occasion/Fiat_500_2011_essence_panoramique_57416039.htm,Fiat 500 2011 essence panoramique,73000 DH,2011,90000,Essence,Manuelle,N/A,N/A
https://www.avito.ma/fr/abdelmoumen/voitures_d_occasion/BMW_420d_Cabriolet_57796546.htm,BMW 420d Cabriolet,320000 DH,2017,190000,Diesel,Automatique,N/A,N/A
https://www.avito.ma/fr/les_ambassadeurs/voitures_d_occasion/Renault_Clio_4_Intense_Essence_1_2L_56529788.htm,This site can’t be reached,N/A,N/A,N/A,N/A,N/A,N/A,N/A
https://www.avito.ma/fr/salmia/voitures_d_occasion/Ford_Kuga_automatique_57723341.htm,Ford Kuga automatique,168000 DH,2016,160000,Diesel,Automatique,N/A,DESCRIPTION
https://www.avito.ma/fr/californie/voitures_d_occasion/Audi_Q3_40TDI_2021_57134625.htm,Audi Q3 40TDI 2021,0 DH,2021,80000,Diesel,Automatique,N/A,N/A
https://www.avito.ma/fr/m_hamid/voitures_d_occasion/Tiguan_12_2012_dédouane_2015_première_main_au_Maroc_57796120.htm,Tiguan 12/2012 dédouane 2015 première main au Maroc,205000 DH,2012,292000,Diesel,Automatique,N/A,N/A
https://www.avito.ma/fr/centre_ville/voitures_d_occasion/Octavia_à_vendre_57747010.htm,Octavia à vendre,130000 DH,2012,300000,Diesel,Manuelle,N/A,N/A
https://www.avito.ma/fr/casablanca/voitures_d_occasion/Volkswagen_Touareg_Diesel_Automatique_2009_57796209.htm,Volkswagen Touareg Diesel Automatique 2009,100000 DH,2009,215000,Diesel,Automatique,N/A,N/A
https://www.avito.ma/fr/narjis/voitures_d_occasion/Fès_Narcisse_Oued_Fès_57796114.htm,Fès Narcisse Oued Fès,0 DH,2022,95,Diesel,Manuelle,N/A,N/A
https://www.avito.ma/fr/annakhil/voitures_d_occasion/Vends_Clio_4_Diesel_57795587.htm,Vends Clio 4 Diesel,139000 DH,2021,156239,Diesel,Automatique,N/A,N/A
https://www.avito.ma/fr/rabat/voitures_d_occasion/Seat_Leon_Diesel_2013_1er_main_57790553.htm,Seat Leon Diesel 2013 1er main,100000 DH,2013,270000,Diesel,Manuelle,N/A,N/A
https://www.avito.ma/fr/autre_secteur/voitures_d_occasion/Volkswagen_Touran_Automatique_2022_7_places_57772068.htm,Volkswagen Touran Automatique 2022 7 places,0 DH,2022,209000,Diesel,Automatique,N/A,N/A
https://www.avito.ma/fr/el_houda/voitures_d_occasion/Mercedes_Benz_Classe_A_Pack_AMG_2023_57542530.htm,Mercedes-Benz Classe A Pack AMG 2023,0 DH,2023,50000,Diesel,Automatique,N/A,N/A
https://www.avito.ma/fr/autre_secteur/voitures_d_occasion/Hyundai_Santa_Fe_2010_57795765.htm,Hyundai Santa Fe 2010,105000 DH,2010,1,Diesel,Manuelle,N/A,N/A
https://www.avito.ma/fr/salé/voitures_d_occasion/Ford_Focus_2013_Diesel_Trend_Plus_57776712.htm,Ford Focus 2013 Diesel Trend Plus,125000 DH,2013,125000,Diesel,Manuelle,N/A,N/A
https://www.avito.ma/fr/meknès/voitures_d_occasion/Volkswagen_Tiguan_Diesel_BVA_57796140.htm,Volkswagen Tiguan Diesel BVA,0 DH,2017,180000,Diesel,Automatique,N/A,N/A
https://www.avito.ma/fr/autre_secteur/voitures_d_occasion/Audi_A3_S_line_Berling_2021_à_Marrakech_56396308.htm,Audi A3 S-line Berling 2021 à Marrakech,0 DH,2021,100000,Diesel,Automatique,N/A,N/A
https://www.avito.ma/fr/autre_secteur/voitures_d_occasion/Audi_A3_Diesel_Automatique_2022_à_Marrakech_56956527.htm,Audi A3 Diesel Automatique 2022 à Marrakech,0 DH,2022,55000,Diesel,Automatique,N/A,N/A
https://www.avito.ma/fr/sanaoubar/voitures_d_occasion/Mini_Countryman_Essence_57761595.htm,Mini Countryman Essence,98000 DH,2014,125000,Essence,Manuelle,N/A,N/A
https://www.avito.ma/fr/ben_m_sick/voitures_d_occasion/Audi_a4_business_line_163_tdi_57094736.htm,Audi a4 business line 163 tdi,0 DH,2021,100000,Diesel,Automatique,N/A,N/A
https://www.avito.ma/fr/riad_oulad_mtaa/voitures_d_occasion/Fiat_500_essence_57785874.htm,Fiat 500 essence,0 DH,2014,160,Essence,Manuelle,N/A,N/A
https://www.avito.ma/fr/laimoune/voitures_d_occasion/Audi_A4__pack_Premium_automatique_56788641.htm,"Audi A4, pack Premium automatique",0 DH,2020,120000,Diesel,Automatique,N/A,N/A
https://www.avito.ma/fr/2_mars/voitures_d_occasion/Renault_Clio_Essence_Automatique_2023_à_Casablanca_57782669.htm,Renault Clio Essence Automatique 2023 à Casablanca,138000 DH,2023,72000,Essence,Automatique,N/A,N/A
https://www.avito.ma/fr/anfa/voitures_d_occasion/BMW_730_LD_57636737.htm,BMW 730 LD,0 DH,2019,182000,Diesel,Automatique,N/A,N/A
https://www.avito.ma/fr/extension_dakhla/voitures_d_occasion/Renault_Clio_Diesel_Manuelle_2017_à_Agadir_57796264.htm,Renault Clio Diesel Manuelle 2017 à Agadir,108000 DH,2017,170000,Diesel,Manuelle,N/A,N/A
https://www.avito.ma/fr/c.i.l/voitures_d_occasion/Hyundai_Creta_Diesel_Automatique_2023_à_Casablanca_57569391.htm,Hyundai Creta Diesel Automatique 2023 à Casablanca,0 DH,2023,100000,Diesel,Automatique,N/A,N/A
https://www.avito.ma/fr/autre_secteur/voitures_d_occasion/Tiguan_Rline_Full_57509089.htm,Tiguan Rline Full,0 DH,2022,80000,Diesel,Automatique,N/A,N/A
https://www.avito.ma/fr/centre_ville/voitures_d_occasion/Audi_A1_Sline_Diesel_2018_Neuf_57707827.htm,Audi A1 Sline Diesel 2018 Neuf,0 DH,2018,79000,Diesel,Automatique,N/A,DESCRIPTION
https://www.avito.ma/fr/kasba_tadla/voitures_d_occasion/Qasbat_Tadla_57795773.htm,Qasbat Tadla,13000 DH,1997,0,Essence,Manuelle,N/A,DESCRIPTION
https://www.avito.ma/fr/casablanca/voitures_d_occasion/BMW_Série_3_Diesel_Automatique_2016_à_Casablanca_57786947.htm,BMW Série 3 Diesel Automatique 2016 à Casablanca,215000 DH,2016,109000,Diesel,Automatique,N/A,N/A
https://www.avito.ma/fr/el_majd/voitures_d_occasion/Yaris_hybride_57744935.htm,Yaris hybride,175000 DH,2023,100000,Hybride,Automatique,N/A,N/A
https://www.avito.ma/fr/autre_secteur/voitures_d_occasion/BMW_Série_5_Diesel_WW_57731004.htm,BMW Série 5 Diesel WW,395000 DH,2021,89000,Diesel,Automatique,N/A,N/A
https://www.avito.ma/fr/florida/voitures_d_occasion/Skoda_Octavia_57624961.htm,Skoda Octavia,265000 DH,2021,110300,Diesel,Automatique,N/A,N/A
https://www.avito.ma/fr/hay_riad/voitures_d_occasion/Tiguan_diesel_en_très_bon_état_57796427.htm,Tiguan diesel en très bon état,193000 DH,2015,153000,Diesel,Automatique,N/A,DESCRIPTION
https://www.avito.ma/fr/agdal/voitures_d_occasion/Dacia_Lodgy_Stepway_2021_à_Fès_57772277.htm,Dacia Lodgy Stepway 2021 à Fès,158000 DH,2021,145000,Diesel,Manuelle,N/A,N/A
https://www.avito.ma/fr/autre_secteur/voitures_d_occasion/Kia_Carens_2023_51026194.htm,Kia Carens 2023,0 DH,2023,80000,Diesel,Automatique,N/A,N/A
https://www.avito.ma/fr/route_ain_chkaf/voitures_d_occasion/Nissan_Qashqai_Diesel_Manuelle_2009_à_Fès_57796296.htm,Nissan Qashqai Diesel Manuelle 2009 à Fès,98000 DH,2009,330000,Diesel,Manuelle,N/A,N/A
https://www.avito.ma/fr/wilaya/voitures_d_occasion/Peugeot_208_à_vendre_57766152.htm,Peugeot 208 à vendre,0 DH,2016,170000,Diesel,Manuelle,N/A,DESCRIPTION
https://www.avito.ma/fr/wilaya/voitures_d_occasion/Mercedes_Benz_Classe_B_Automatique_2015_57574634.htm,Mercedes-Benz Classe B Automatique 2015,0 DH,2015,160000,Diesel,Automatique,N/A,DESCRIPTION
https://www.avito.ma/fr/agdal/voitures_d_occasion/Geely_Ex5_Emi_Hybride_rechargeable_P_Hev_57031069.htm,Geely Ex5 Emi Hybride rechargeable P-Hev,0 DH,2025,0,Hybride,Automatique,N/A,N/A
https://www.avito.ma/fr/bab_atlas/voitures_d_occasion/Volkswagen_Touareg_3_0_V6_TDI_2016___WW_Maroc_57650278.htm,Volkswagen Touareg 3.0 V6 TDI 2016 – WW Maroc,140000 DH,2016,220000,Diesel,Automatique,N/A,N/A
https://www.avito.ma/fr/zone_industrielle_sidi_ghanem/voitures_d_occasion/Hummer_H2_2007_TRES_BON_ETAT_56767570.htm,Hummer H2 2007 TRES BON ETAT,0 DH,2007,180000,Essence,Automatique,N/A,N/A
https://www.avito.ma/fr/hamria/voitures_d_occasion/A5_automatique_57571727.htm,Your connection was interrupted,N/A,N/A,N/A,N/A,N/A,N/A,N/A
https://www.avito.ma/fr/bourgogne/voitures_d_occasion/Mercedes_E220_pack_AMG_M_2022_km_57000_51786952.htm,Your connection was interrupted,N/A,N/A,N/A,N/A,N/A,N/A,N/A
https://www.avito.ma/fr/aïn_borja/voitures_d_occasion/DFSK_K01H_essence_55967865.htm,DFSK K01H essence,71000 DH,N/A,N/A,Essence,N/A,N/A,N/A
https://www.avito.ma/fr/autre_secteur/voitures_d_occasion/Renault_Kadjar_57420279.htm,Renault Kadjar,175000 DH,2016,135000,Diesel,Manuelle,N/A,N/A
https://www.avito.ma/fr/hay_riad/voitures_d_occasion/Renault_Clio_5_intens_plus_pack_Tekno_Bose_57796213.htm,Renault Clio 5 intens plus pack Tekno Bose,160000 DH,2021,115000,Diesel,Manuelle,N/A,N/A
https://www.avito.ma/fr/hay_al_bahja/voitures_d_occasion/Hyundai_Accent_2023_Diesel_Automatique_Toutes_Options_57697911.htm,Hyundai Accent 2023 Diesel Automatique Toutes Options,0 DH,2023,79000,Diesel,Automatique,N/A,N/A
https://www.avito.ma/fr/aïn_chock/voitures_d_occasion/Daihatsu_YRV_Essence_Manuelle_2006_à_Casablanca_57784367.htm,Daihatsu YRV Essence Manuelle 2006 à Casablanca,40000 DH,2006,188000,Essence,Manuelle,N/A,N/A
https://www.avito.ma/fr/casablanca/voitures_d_occasion/BMW_Série_5_Diesel_Automatique_2024_à_Casablanca_57796100.htm,BMW Série 5 Diesel Automatique 2024 à Casablanca,59 DH,2024,60000,Diesel,Automatique,N/A,N/A
https://www.avito.ma/fr/boustane/voitures_d_occasion/Volkswagen_Tiguan_57323060.htm,Volkswagen Tiguan,0 DH,2015,230000,Diesel,Automatique,N/A,N/A
https://www.avito.ma/fr/taqaddoum/voitures_d_occasion/MERCEDES_CLASSE_E_Diesel_Automatique_2021_à_Rabat_56613214.htm,MERCEDES CLASSE E Diesel Automatique 2021 à Rabat,440000 DH,2021,110001,Diesel,Automatique,N/A,N/A
https://www.avito.ma/fr/hay_el_fath/voitures_d_occasion/JEEP_GRAND_CHEROKEE_OVERLAND_56823660.htm,JEEP GRAND CHEROKEE OVERLAND,0 DH,2018,140000,Diesel,Automatique,N/A,N/A
https://www.avito.ma/fr/bab_taza/voitures_d_occasion/Voiture_neuve_57796424.htm,Voiture neuve,700000 DH,2007,260760,Essence,Manuelle,N/A,N/A
https://www.avito.ma/fr/autre_secteur/voitures_d_occasion/FORD_C_MAX_1_5_L_TITANUM_PLUS_2017_57625039.htm,FORD C MAX 1.5 L TITANUM PLUS 2017,159000 DH,2017,178000,Diesel,Automatique,N/A,N/A
https://www.avito.ma/fr/settat/voitures_d_occasion/Volkswagen_Golf_7_Diesel_Automatique_2018_à_Settat_57759991.htm,Volkswagen Golf 7 Diesel Automatique 2018 à Settat,0 DH,2018,159000,Diesel,Automatique,N/A,DESCRIPTION
https://www.avito.ma/fr/californie/voitures_d_occasion/Mercedes_Benz_Classe_C_Diesel_57600831.htm,Mercedes-Benz Classe C Diesel,0 DH,2023,63000,Diesel,Automatique,N/A,N/A
https://www.avito.ma/fr/settat/voitures_d_occasion/Touran_rline_automatique_2019_à_Settat_57443376.htm,Touran rline automatique 2019 à Settat,0 DH,2019,120000,Diesel,Automatique,N/A,N/A
https://www.avito.ma/fr/midelt/voitures_d_occasion/Volkswagen_Caddy_2022_Allemagne_Douane_2026_57782262.htm,Volkswagen Caddy 2022 Allemagne Douane 2026,0 DH,2022,160000,Diesel,Manuelle,N/A,N/A
https://www.avito.ma/fr/agdal/voitures_d_occasion/E220_À_vendre_57796539.htm,E220 À vendre,260000 DH,2017,217000,Diesel,Automatique,N/A,N/A
https://www.avito.ma/fr/2_mars/voitures_d_occasion/Mini_contraimain_automatique_56734976.htm,Mini contraimain automatique,95000 DH,2011,170000,Essence,Automatique,N/A,N/A
https://www.avito.ma/fr/settat/voitures_d_occasion/Skoda_Karoq_Diesel_Automatique_2019_à_Settat_57742474.htm,Skoda Karoq Diesel Automatique 2019 à Settat,0 DH,2019,144000,Diesel,Automatique,N/A,N/A
https://www.avito.ma/fr/al_aroui/voitures_d_occasion/Hyundai_Creta_57189248.htm,Hyundai Creta,195000 DH,2021,150000,Diesel,Automatique,N/A,N/A
https://www.avito.ma/fr/jbel_kbir/voitures_d_occasion/Magnifique_Range_Rover_Vogue_57732833.htm,Magnifique Range Rover Vogue,390000 DH,2016,169500,Diesel,Automatique,N/A,N/A
https://www.avito.ma/fr/quartier_du_soleil/voitures_d_occasion/2008_Automatique_57210707.htm,2008 Automatique,0 DH,2024,88000,Diesel,Automatique,N/A,N/A
https://www.avito.ma/fr/maarif/voitures_d_occasion/HYUNDAI_SANTAFEE_4x4_Automatique_7_places_56883704.htm,HYUNDAI SANTAFEE 4x4 Automatique 7 places,130000 DH,2012,140000,Diesel,Automatique,N/A,N/A
https://www.avito.ma/fr/dar_bouazza/voitures_d_occasion/Audi_A6_2018_57772283.htm,Audi A6 2018,230000 DH,2018,160000,Diesel,Automatique,N/A,N/A
https://www.avito.ma/fr/autre_secteur/voitures_d_occasion/Honda_Civic_Essence_Automatique_2008_à_Kénitra_57731217.htm,Honda Civic Essence Automatique 2008 à Kénitra,76000 DH,2008,235000,Essence,Automatique,N/A,N/A
https://www.avito.ma/fr/lissasfa/voitures_d_occasion/Ford_Kuga_Diesel_Automatique_2021_à_Casablanca_57776619.htm,Ford Kuga Diesel Automatique 2021 à Casablanca,269000 DH,2021,65941,Diesel,Automatique,N/A,N/A
https://www.avito.ma/fr/tanger/voitures_d_occasion/Mercedes_Benz_GLB_Diesel_Automatique_2021_à_Tanger_57733427.htm,Mercedes-Benz GLB Diesel Automatique 2021 à Tanger,0 DH,2021,96000,Diesel,Automatique,N/A,N/A
https://www.avito.ma/fr/centre_ville/voitures_d_occasion/FIAT_500_TOUTE_OPTION_MODÈLE_2022_57612818.htm,FIAT 500 TOUTE OPTION MODÈLE 2022,0 DH,2022,100,Essence,Automatique,N/A,
https://www.avito.ma/fr/marrakech/voitures_d_occasion/Peugeot_2008_Diesel_Manuelle_2020_à_Marrakech_57686800.htm,Peugeot 2008 Diesel Manuelle 2020 à Marrakech,158000 DH,2020,88000,Diesel,Manuelle,N/A,N/A
https://www.avito.ma/fr/2_mars/voitures_d_occasion/Toyota_CHR_Hybride_Automatique_2020_à_Casablanca_57497007.htm,Toyota CHR Hybride Automatique 2020 à Casablanca,188000 DH,2020,80000,Hybride,Automatique,N/A,N/A
https://www.avito.ma/fr/maarif/voitures_d_occasion/CLE_220d_Cabriolet_PACK_AMG__Véhicule_Neuf_2026__55481882.htm,CLE 220d Cabriolet PACK AMG (Véhicule Neuf 2026),0 DH,2026,0,Diesel,Automatique,N/A,N/A
https://www.avito.ma/fr/souissi/voitures_d_occasion/Vendre_voiture_57796422.htm,Vendre voiture,130000 DH,2014,179000,Diesel,Automatique,N/A,N/A
https://www.avito.ma/fr/branes_2/voitures_d_occasion/VOLVO_XC40_2022_Automatique_Hybride_à_Tanger_57419601.htm,VOLVO XC40 2022 Automatique Hybride à Tanger,450000 DH,2022,26000,Hybride,Automatique,N/A,N/A
https://www.avito.ma/fr/hay_el_fath/voitures_d_occasion/Mercedes_GLA200_Automatique_57282096.htm,Mercedes GLA200 Automatique,0 DH,2020,179000,Diesel,Automatique,N/A,N/A
https://www.avito.ma/fr/almaz/voitures_d_occasion/Audi_A4_Diesel_Automatique_2021_à_Casablanca_56485092.htm,Audi A4 Diesel Automatique 2021 à Casablanca,0 DH,2021,140000,Diesel,Automatique,N/A,N/A
https://www.avito.ma/fr/aïn_chock/voitures_d_occasion/Bentley_bentayga_54773398.htm,Bentley bentayga,0 DH,2026,20000,Essence,Automatique,N/A,N/A
https://www.avito.ma/fr/taza/voitures_d_occasion/Golf_7_2019_dd_2024_57795685.htm,Golf 7 2019 dd 2024,0 DH,2019,200,Diesel,Automatique,N/A,N/A
https://www.avito.ma/fr/anfa/voitures_d_occasion/BMW_X5_2_5_1ère_main_56520510.htm,"BMW X5 2,5 1ère main",255000 DH,2015,127000,Diesel,Automatique,N/A,N/A
https://www.avito.ma/fr/wilaya/voitures_d_occasion/Audi_Q5_2013_D_2017_57078008.htm,Audi Q5 2013 D 2017,205000 DH,2013,200000,Diesel,Automatique,N/A,N/A
https://www.avito.ma/fr/hay_riad/voitures_d_occasion/Mercedes_classe_c_200_d_57752338.htm,Mercedes classe c 200 d,305000 DH,2020,100000,Diesel,Automatique,N/A,N/A
https://www.avito.ma/fr/centre/voitures_d_occasion/PEUGEOT_208_1_5_BlueHDI_AUTOMATIQUE_2023_TTOPTIONS_57413604.htm,PEUGEOT 208 1.5 BlueHDI AUTOMATIQUE 2023 TTOPTIONS,178000 DH,2023,99000,Diesel,Automatique,N/A,N/A
https://www.avito.ma/fr/el_houda/voitures_d_occasion/Audi_Q7_diesel_automatique_2016_05_57271240.htm,Audi Q7 diesel automatique 2016/05,0 DH,2016,177000,Diesel,Automatique,N/A,N/A
https://www.avito.ma/fr/hay_riad/voitures_d_occasion/RENAULT_CAPTUR_Diesel_Manuelle_2024_55918408.htm,RENAULT CAPTUR Diesel Manuelle 2024,220000 DH,2024,25000,Diesel,Manuelle,N/A,N/A
https://www.avito.ma/fr/autre_secteur/voitures_d_occasion/Honda_Accord_2007_57795901.htm,Honda Accord 2007,52000 DH,2007,254000,Essence,Manuelle,N/A,N/A
https://www.avito.ma/fr/ben_m_sick/voitures_d_occasion/Peugeot_2008_dédouanée_57424598.htm,Peugeot 2008 dédouanée,230000 DH,2023,58000,Diesel,Automatique,N/A,N/A
https://www.avito.ma/fr/massira_1/voitures_d_occasion/El_Massira_route_Agadir_Marrakech_57796138.htm,El Massira route Agadir Marrakech,189000 DH,2020,200000,Diesel,Manuelle,N/A,N/A
https://www.avito.ma/fr/hay_el_fath/voitures_d_occasion/Mercedes_E300_Diesel_Électrique_57282168.htm,Mercedes E300 Diesel Électrique,0 DH,2022,120000,Diesel,Automatique,N/A,N/A
https://www.avito.ma/fr/nouaceur/voitures_d_occasion/Duster_1ère_main_14_mille_km_neuve_57795736.htm,Duster 1ère main 14 mille km neuve,195000 DH,2024,1400,Diesel,Manuelle,N/A,N/A
https://www.avito.ma/fr/californie/voitures_d_occasion/Mercedes_Benz_Classe_G_AMG_56340782.htm,Mercedes-Benz Classe G AMG,0 DH,2021,47000,Essence,Automatique,N/A,N/A
https://www.avito.ma/fr/anfa/voitures_d_occasion/Cadillac_Escalade_Premium_2023_56591495.htm,Cadillac Escalade Premium 2023,0 DH,2023,20000,Essence,Automatique,N/A,N/A
https://www.avito.ma/fr/autre_secteur/voitures_d_occasion/Seat_Arona_20222_53852124.htm,Seat Arona 20222,0 DH,2022,120000,Diesel,Manuelle,N/A,N/A
https://www.avito.ma/fr/2_mars/voitures_d_occasion/À_vendre_comme_neuf_57795805.htm,À vendre comme neuf,2000000 DH,2017,126000,Diesel,Automatique,N/A,N/A
https://www.avito.ma/fr/centre_ville/voitures_d_occasion/PEUGEOT_3008_GT_DIESEL_2021_57610588.htm,PEUGEOT 3008 GT DIESEL 2021,0 DH,2021,130000,Diesel,Automatique,N/A,N/A
https://www.avito.ma/fr/route_ain_chkaf/voitures_d_occasion/Opel_Corsa_Diesel_Manuelle_2024_à_Fès_57759696.htm,Opel Corsa Diesel Manuelle 2024 à Fès,157000 DH,2024,50000,Diesel,Manuelle,N/A,N/A
https://www.avito.ma/fr/ouled_oujih/voitures_d_occasion/Passat_B7_à_vendre_57796233.htm,Passat B7 à vendre,113000 DH,2011,655000,Diesel,Manuelle,N/A,N/A
https://www.avito.ma/fr/agdal/voitures_d_occasion/Fiat_Fiorino_57796212.htm,Fiat Fiorino,102000 DH,2020,100,Diesel,Manuelle,N/A,DESCRIPTION
https://www.avito.ma/fr/khouribga/voitures_d_occasion/Hyundai_Tucson_54102170.htm,Hyundai Tucson,225000 DH,2021,160000,Diesel,Automatique,N/A,N/A
https://www.avito.ma/fr/autre_secteur/voitures_d_occasion/Cupra_Formentor_VZ_245ch_Hybride_Rechargeable_Full_57304215.htm,Cupra Formentor VZ 245ch Hybride Rechargeable Full,0 DH,2021,108000,Hybride,Automatique,N/A,N/A
https://www.avito.ma/fr/belvédère/voitures_d_occasion/Porsche_Cayenne_S_53499103.htm,Porsche Cayenne S,0 DH,2018,100000,Essence,Automatique,N/A,N/A
https://www.avito.ma/fr/centre_ville/voitures_d_occasion/Hyundai_Tucson_Ultimate_Diesel_56640602.htm,Hyundai Tucson Ultimate Diesel,275000 DH,2022,150000,Diesel,Automatique,N/A,N/A
https://www.avito.ma/fr/aïn_chock/voitures_d_occasion/Megane_2014_54951081.htm,Megane 2014,107000 DH,2014,190000,Diesel,Manuelle,N/A,N/A
https://www.avito.ma/fr/centre_ville/voitures_d_occasion/Peugeot_2008_GT_LINE_54919780.htm,Peugeot 2008 GT LINE,255000 DH,2020,50000,Diesel,Automatique,N/A,N/A
https://www.avito.ma/fr/maarif/voitures_d_occasion/Volkswagen_polo_endommagée_57796176.htm,Volkswagen polo endommagée,85000 DH,2011,200000,Diesel,Manuelle,N/A,N/A
https://www.avito.ma/fr/aïn_chock/voitures_d_occasion/Hyundai_I20____Juillet_2019____Diesel_57795936.htm,Hyundai I20 -- Juillet 2019 -- Diesel,137000 DH,2019,63000,Diesel,Manuelle,N/A,N/A
https://www.avito.ma/fr/centre/voitures_d_occasion/Mercedes_Benz_Classe_G_Essence_Automatique_2026_57783379.htm,Mercedes-Benz Classe G Essence Automatique 2026,0 DH,2026,0,Essence,Automatique,N/A,N/A
https://www.avito.ma/fr/hay_riad/voitures_d_occasion/BMW_X3_S_Drive_56921346.htm,BMW X3 S Drive,0 DH,2017,153,Diesel,Automatique,N/A,DESCRIPTION
https://www.avito.ma/fr/2_mars/voitures_d_occasion/Hyundai_Tucson_1er_main_sans_Ad_bleu_neuf_57742936.htm,Hyundai Tucson 1er main sans Ad bleu neuf,239000 DH,2023,100000,Diesel,Automatique,N/A,N/A
https://www.avito.ma/fr/maroc/voitures_d_occasion-à_vendre,Voitures d'occasion    à vendre au  Maroc : 100006 annonces,N/A,N/A,km km,Diesel Essence Electrique LPG Hybride,Automatique Manuelle,CHOISIR  - MODÈLE CHEVRONRIGHT ICON,CHOISIR MARQUE -  CHEVRONRIGHT ICON
https://www.avito.ma/fr/souissi/voitures_d_occasion/Mercedes_Benz_Classe_CLS_300d_57540217.htm,Mercedes Benz Classe CLS 300d,495000 DH,2019,140000,Diesel,Automatique,N/A,N/A
https://www.avito.ma/fr/californie/voitures_d_occasion/Audi_Q8_S_Line_56989881.htm,Audi Q8 S Line,0 DH,2023,67000,Diesel,Automatique,N/A,N/A
https://www.avito.ma/fr/autre_secteur/voitures_d_occasion/Volkswagen_Touareg_57653959.htm,Volkswagen Touareg,0 DH,2018,229333,Diesel,Automatique,N/A,N/A
https://www.avito.ma/fr/lissasfa/voitures_d_occasion/Seat_Arosa_57795729.htm,Seat Arosa,33000 DH,1996,10000,Essence,Manuelle,N/A,DESCRIPTION  VOIR PLUS
https://www.avito.ma/fr/ain_sebaa/voitures_d_occasion/Toyota_Corolla_Hybride_Automatique_2020_57302935.htm,Toyota Corolla Hybride Automatique 2020,218000 DH,2020,70000,Hybride,Automatique,N/A,N/A
https://www.avito.ma/fr/hay_el_fath/voitures_d_occasion/VOLKSWAGEN_TIGUAN_240_R_LINE_56314829.htm,VOLKSWAGEN TIGUAN 240 R-LINE,0 DH,2017,210000,Diesel,Automatique,N/A,N/A
https://www.avito.ma/fr/safir/voitures_d_occasion/BMW_420i_Gran_coupe_57654004.htm,BMW 420i Gran coupe,385000 DH,2022,33000,Essence,Automatique,N/A,N/A
https://www.avito.ma/fr/oulfa/voitures_d_occasion/Voiture_Citroën_57777758.htm,Voiture Citroën,52000 DH,2005,200,Diesel,Manuelle,N/A,N/A
https://www.avito.ma/fr/anfa/voitures_d_occasion/Kia_carnival_56400675.htm,Kia carnival,535000 DH,2024,50000,Diesel,Automatique,N/A,N/A
https://www.avito.ma/fr/tilila/voitures_d_occasion/Skoda_Octavia_diesel_1ère_main_57471134.htm,Skoda Octavia diesel 1ère main,245000 DH,2023,129000,Diesel,Automatique,N/A,N/A
https://www.avito.ma/fr/centre/voitures_d_occasion/Ford_Transit_Trois_Panneaux_3500kg_57781782.htm,Ford Transit Trois Panneaux 3500kg,205000 DH,2020,170000,Diesel,Manuelle,N/A,N/A
https://www.avito.ma/fr/hamria/voitures_d_occasion/Ford_Kuga_Titanium_57795690.htm,Ford Kuga Titanium,0 DH,2017,170000,Diesel,Automatique,N/A,N/A
https://www.avito.ma/fr/route_de_sefrou/voitures_d_occasion/Geely_Gx3_Pro_56182784.htm,Geely Gx3 Pro,0 DH,2025,0,Essence,Automatique,N/A,N/A
https://www.avito.ma/fr/oued_zem/voitures_d_occasion/MAZDA_6_TRÈS_BON_ÉTAT_TOUT_OPTIONS_2ÈME_MAIN_57796341.htm,MAZDA 6 TRÈS BON ÉTAT TOUT OPTIONS 2ÈME MAIN,58000 DH,2005,180000,Diesel,Manuelle,N/A,N/A
https://www.avito.ma/fr/anfa/voitures_d_occasion/Mercedes_Benz_Classe_E_coupé_AMG_LINE_PLUS_57236203.htm,Mercedes-Benz Classe E coupé AMG LINE PLUS,650000 DH,2021,30337,Diesel,Automatique,N/A,N/A
https://www.avito.ma/fr/aïn_chock/voitures_d_occasion/Hyundai_Accent_Automatique_57622778.htm,Hyundai Accent Automatique,0 DH,2022,100000,Diesel,Automatique,N/A,N/A
https://www.avito.ma/fr/narjiss/voitures_d_occasion/Touareg_première_main___2022_10_km84000_57734028.htm,Touareg première main ✋ 2022/10 km84000,385000 DH,2022,84000,Diesel,Automatique,N/A,N/A
https://www.avito.ma/fr/mediouna/voitures_d_occasion/Voiture_Clio_4_À_Vendre_Année_2017_57796650.htm,Voiture Clio 4 À Vendre Année 2017,113000 DH,,100000,Diesel,Manuelle,N/A,N/A
https://www.avito.ma/fr/route_d_immouzere/voitures_d_occasion/Mercedes_classe_a_180cdi_automatique_57650424.htm,Mercedes classe a 180cdi automatique,159000 DH,2015,151000,Diesel,Automatique,N/A,N/A
https://www.avito.ma/fr/maarif/voitures_d_occasion/Audi_A6_S_Line_2_Litres_2023_57653631.htm,Audi A6 S Line 2 Litres 2023,375000 DH,2023,145000,Diesel,Automatique,N/A,N/A
https://www.avito.ma/fr/ain_taoujdate/voitures_d_occasion/Je_vends_cette_voiture_57796438.htm,Je vends cette voiture,136000 DH,2011,399789,Diesel,Automatique,N/A,N/A
https://www.avito.ma/fr/khouribga/voitures_d_occasion/Peugeot_508_à_vendre_57795873.htm,Peugeot 508 à vendre,88000 DH,2012,242000,Diesel,Manuelle,N/A,N/A
https://www.avito.ma/fr/2_mars/voitures_d_occasion/Kia_serato_diesel_55731615.htm,Kia serato diesel,66000 DH,2009,300000,Diesel,Manuelle,N/A,N/A
https://www.avito.ma/fr/route_ain_chkaf/voitures_d_occasion/Ford_FOCUS_titanium_automatique_2021_57283978.htm,Ford FOCUS titanium automatique 2021,0 DH,2021,128000,Diesel,Automatique,N/A,DESCRIPTION
https://www.avito.ma/fr/el_houda/voitures_d_occasion/STARTOP_AGADIR_met_en_vente_BMW_Série_4_cabriolet_2024_57703039.htm,STARTOP AGADIR met en vente BMW Série 4 cabriolet 2024,0 DH,2024,40000,Diesel,Automatique,N/A,N/A
https://www.avito.ma/fr/sala_el_jadida/voitures_d_occasion/KIA_Sportage_2_0_CRDi_BVA_Active_57334245.htm,KIA Sportage 2.0 CRDi BVA Active,0 DH,2020,133000,Diesel,Automatique,N/A,N/A
https://www.avito.ma/fr/hay_el_fath/voitures_d_occasion/BMW_SERIE_5_Diesel_Automatique_2017_57099957.htm,BMW SERIE 5 Diesel Automatique 2017,319000 DH,2017,168183,Diesel,Automatique,N/A,N/A
https://www.avito.ma/fr/anfa/voitures_d_occasion/Land_Rover_Diesel_Automatique_2021_à_Marrakech_57636352.htm,Land Rover Diesel Automatique 2021 à Marrakech,0 DH,2021,138000,Diesel,Automatique,N/A,N/A
https://www.avito.ma/fr/yacoub_el_mansour/voitures_d_occasion/GOLF_8_eHYBRID___50_000_KM___DED_2024_50522197.htm,GOLF 8 eHYBRID - 50.000 KM - DED 2024,0 DH,2022,50000,Diesel,Automatique,N/A,N/A
https://www.avito.ma/fr/aïn_diab/voitures_d_occasion/BMW_Série_5_Sport_Line_57782561.htm,BMW Série 5 Sport Line,270000 DH,2018,120000,Diesel,Automatique,N/A,N/A
https://www.avito.ma/fr/californie/voitures_d_occasion/LEXUS_UX_LUXURY_250H_1ÈRE_MAIN_GARANTIE_MAISON_57485861.htm,LEXUS UX LUXURY 250H 1ÈRE MAIN GARANTIE MAISON,335000 DH,2023,21000,Hybride,Automatique,N/A,N/A
https://www.avito.ma/fr/2_mars/voitures_d_occasion/Clio_4_diesel_55876564.htm,Clio 4 diesel,119000 DH,2021,290000,Diesel,Manuelle,N/A,N/A
https://www.avito.ma/fr/ain_sebaa/voitures_d_occasion/Opel_Crossland_1_6_CDTi_92_Edition_55833042.htm,Opel Crossland 1.6 CDTi 92 Edition,154000 DH,2021,90000,Diesel,Manuelle,N/A,N/A
https://www.avito.ma/fr/m_hamid/voitures_d_occasion/Jeep_Renegade_Diesel_Automatique_2018_à_Marrakech_57796383.htm,Jeep Renegade Diesel Automatique 2018 à Marrakech,153000 DH,2018,180000,Diesel,Automatique,N/A,N/A
https://www.avito.ma/fr/2_mars/voitures_d_occasion/Renault_Koleos_57298471.htm,Renault Koleos,82000 DH,2010,190000,Diesel,Automatique,N/A,N/A
https://www.avito.ma/fr/agdal/voitures_d_occasion/AUDI_Q3_Diesel_Automatique_2021_56855623.htm,AUDI Q3 Diesel Automatique 2021,420000 DH,2021,131000,Diesel,Automatique,N/A,N/A
https://www.avito.ma/fr/aïn_chock/voitures_d_occasion/BMW_Série3_320d_Diesel_Dédouanée_2023_à_Casablanca_57787158.htm,BMW Série3 320d Diesel Dédouanée 2023 à Casablanca,0 DH,2014,160000,Diesel,Automatique,N/A,N/A
https://www.avito.ma/fr/assaka/voitures_d_occasion/Caddy_Edition_35_2018_57061582.htm,Caddy Edition 35 2018,210000 DH,2018,100,Diesel,Automatique,N/A,DESCRIPTION
https://www.avito.ma/fr/sidi_bernoussi/voitures_d_occasion/Dacia_Logan_57445892.htm,Dacia Logan,139000 DH,2023,49000,Diesel,Manuelle,N/A,N/A
https://www.avito.ma/fr/californie/voitures_d_occasion/HYUNDAI_i20_1_0_T_GDI_100_MHEV_AT_Inventive_2024_57508865.htm,HYUNDAI i20 1.0 T-GDI 100 MHEV AT Inventive 2024,170000 DH,2024,46000,Essence,Automatique,N/A,N/A
https://www.avito.ma/fr/hay_el_fath/voitures_d_occasion/BMW_Série_5_Diesel_Automatique_2018_à_Rabat_57777017.htm,BMW Série 5 Diesel Automatique 2018 à Rabat,310000 DH,2018,131000,Diesel,Automatique,N/A,N/A
https://www.avito.ma/fr/hay_riad/voitures_d_occasion/Mercedes_Benz_Classe_GLC_300de_amg_line_plus_57489275.htm,Mercedes-Benz Classe GLC 300de amg line plus,0 DH,2021,60000,Diesel,Automatique,N/A,N/A
https://www.avito.ma/fr/wilaya/voitures_d_occasion/Dacia_Duster_Diesel_Automatique_2022_57771592.htm,Dacia Duster Diesel Automatique 2022,225000 DH,2022,35000,Diesel,Automatique,N/A,N/A
https://www.avito.ma/fr/rabat/voitures_d_occasion/Santa_Fe_100000km_7_places_2013_à_Rabat_57723843.htm,Santa Fe 100000km 7 places 2013 à Rabat,173000 DH,2013,100000,Diesel,Automatique,N/A,N/A
https://www.avito.ma/fr/ain_sebaa/voitures_d_occasion/Land_Rover_Range_Rover_Evoque_2021_Diesel_57356083.htm,Land Rover Range Rover Evoque 2021 Diesel,276000 DH,2021,100,Diesel,Automatique,N/A,N/A
https://www.avito.ma/fr/californie/voitures_d_occasion/Volkswagen_Touareg_56930663.htm,Volkswagen Touareg,0 DH,2024,37000,Diesel,Automatique,N/A,N/A
https://www.avito.ma/fr/centre/voitures_d_occasion/Renault_Kadjar_intense_1er_main_57796557.htm,Renault Kadjar intense 1er main,193000 DH,2020,130,Diesel,Manuelle,N/A,N/A
https://www.avito.ma/fr/fès/voitures_d_occasion/Hyundai_H1_Diesel_Manuelle_2017_à_Fès_57782482.htm,Hyundai H1 Diesel Manuelle 2017 à Fès,178000 DH,2017,340000,Diesel,Manuelle,N/A,N/A
https://www.avito.ma/fr/autre_secteur/voitures_d_occasion/BMW_Série_1_dédouane_bien_57411137.htm,BMW Série 1 dédouane bien,0 DH,2021,198000,Diesel,Automatique,N/A,DESCRIPTION
https://www.avito.ma/fr/ben_m_sick/voitures_d_occasion/Hyndai_tucson_automatique_2023_57082166.htm,Hyndai tucson automatique 2023,300000 DH,2023,40000,Diesel,Automatique,N/A,N/A
https://www.avito.ma/fr/agdal/voitures_d_occasion/Chevrolet_Camaro_Pure_V6_2016_57781970.htm,Chevrolet Camaro Pure V6 2016,190000 DH,2016,104000,Essence,Automatique,N/A,N/A
https://www.avito.ma/fr/drissia/voitures_d_occasion/RANGE_ROVER_SPORT_HSE_SDV6_2019_DIESEL_À_TANGER_57398397.htm,RANGE ROVER SPORT HSE SDV6 2019 DIESEL À TANGER,450000 DH,2019,149999,Diesel,Automatique,N/A,N/A
https://www.avito.ma/fr/autre_secteur/voitures_d_occasion/opel_corsa_54978543.htm,opel corsa,0 DH,2023,70000,Diesel,Manuelle,N/A,N/A
https://www.avito.ma/fr/ben_m_sick/voitures_d_occasion/Vente_Voiture_Hyundai_2023_manuelle_en_bonne_etat_57591348.htm,Vente Voiture Hyundai 2023 manuelle en bonne etat,155000 DH,2023,57000,Diesel,Manuelle,N/A,N/A
https://www.avito.ma/fr/autre_secteur/voitures_d_occasion/BMW_X2_57773720.htm,BMW X2,235000 DH,2019,109000,Essence,Automatique,N/A,N/A
https://www.avito.ma/fr/guich_oudaya/voitures_d_occasion/Audi_A4_diesel_Automatique_2023_56116640.htm,Audi A4 diesel Automatique 2023,0 DH,2023,95000,Diesel,Automatique,N/A,DESCRIPTION
https://www.avito.ma/fr/settat/voitures_d_occasion/Hyundai_Tucson_Diesel_Automatique_2020_à_Settat_57635621.htm,Hyundai Tucson Diesel Automatique 2020 à Settat,0 DH,2020,132000,Diesel,Automatique,N/A,N/A
https://www.avito.ma/fr/2_mars/voitures_d_occasion/Mercedes_Classe_G_63_AMG_54697699.htm,Mercedes Classe G 63 AMG,0 DH,2022,60000,Essence,Automatique,N/A,N/A
https://www.avito.ma/fr/casablanca/voitures_d_occasion/KIA_SPORTAGE_TOUTES_OPTIONS__tout_fonctionne_dedans_57625204.htm,"KIA SPORTAGE TOUTES OPTIONS, tout fonctionne dedans",167000 DH,2017,174000,Diesel,Automatique,N/A,N/A
https://www.avito.ma/fr/californie/voitures_d_occasion/Honda_Civic_Essence_57505828.htm,Honda Civic Essence,165000 DH,2017,54000,Essence,Automatique,N/A,N/A
https://www.avito.ma/fr/hay_riad/voitures_d_occasion/AUDI_A3_BERLINE_Diesel_Automatique_2016_57026278.htm,AUDI A3 BERLINE Diesel Automatique 2016,225000 DH,2016,116000,Diesel,Automatique,N/A,N/A
https://www.avito.ma/fr/quartier_du_soleil/voitures_d_occasion/Duster_manuelle_57122343.htm,Duster manuelle,172000 DH,2022,96000,Diesel,Manuelle,N/A,N/A
https://www.avito.ma/fr/mohammedia/voitures_d_occasion/Volkswagen_Tiguan_Diesel_Manuelle_2011_57796468.htm,Volkswagen Tiguan Diesel Manuelle 2011,175000 DH,2011,320000,Diesel,Manuelle,N/A,DESCRIPTION
https://www.avito.ma/fr/marjane_2/voitures_d_occasion/Mercedes_Classe_A_diesel_Berline_AMG_dd_12_2024_57418138.htm,Mercedes Classe A diesel Berline AMG dd 12/2024,0 DH,2019,79000,Diesel,Automatique,N/A,N/A
https://www.avito.ma/fr/centre_ville/voitures_d_occasion/Mercedes_Benz_C220_Pack_Amg_56355964.htm,Mercedes-Benz C220 Pack Amg,0 DH,2015,200000,Diesel,Automatique,N/A,N/A
https://www.avito.ma/fr/wislane/voitures_d_occasion/Connecteurs_Meknès_57796369.htm,Connecteurs Meknès,37000 DH,2003,2060,Diesel,Manuelle,N/A,N/A
https://www.avito.ma/fr/ain_sebaa/voitures_d_occasion/Ford_Focus_Sport_Automatique_57212457.htm,Ford Focus Sport Automatique,183000 DH,2021,174000,Diesel,Automatique,N/A,N/A
https://www.avito.ma/fr/almaz/voitures_d_occasion/Range_Sport_Autobiography_57546379.htm,Range Sport Autobiography,258000 DH,2016,190000,Diesel,Automatique,N/A,N/A
https://www.avito.ma/fr/autre_secteur/voitures_d_occasion/Opel_Grondland_X_2020_52123185.htm,Opel Grondland X 2020,0 DH,2020,100000,Diesel,Manuelle,N/A,N/A
https://www.avito.ma/fr/nahda_2/voitures_d_occasion/Passat_b6_57795711.htm,Passat b6,81000 DH,2006,350000,Diesel,Manuelle,N/A,DESCRIPTION  VOIR PLUS
https://www.avito.ma/fr/ain_sebaa/voitures_d_occasion/Peugeot_208_1_5_Allure_Pack_plus_57304961.htm,Peugeot 208 1.5 Allure Pack plus,191000 DH,2023,95000,Diesel,Automatique,N/A,N/A
https://www.avito.ma/fr/hay_riad/voitures_d_occasion/Peugeot_2008_Diesel_Manuelle_2017_à_Rabat_57796011.htm,Peugeot 2008 Diesel Manuelle 2017 à Rabat,0 DH,2017,97000,Diesel,Manuelle,N/A,N/A
https://www.avito.ma/fr/anfa/voitures_d_occasion/TOYOTA_HDJ80_TURBO_DIESEL_56703066.htm,TOYOTA HDJ80 TURBO DIESEL,167000 DH,1993,340000,Diesel,Manuelle,N/A,N/A
https://www.avito.ma/fr/wilaya/voitures_d_occasion/Mercedes_A180_pack_amg_57598831.htm,Mercedes A180 pack amg,330000 DH,2018,104000,Diesel,Automatique,N/A,N/A
https://www.avito.ma/fr/mozart/voitures_d_occasion/Audi_Q8_Sline_Quattro_50_TDi_2018______57359697.htm,Audi Q8 Sline Quattro 50 TDi 2018 🇩🇪,685000 DH,2018,100000,Diesel,Automatique,N/A,N/A
https://www.avito.ma/fr/khemisset/voitures_d_occasion/Mercedes__230_vitesse_automatique_57775203.htm,"Mercedes, 230 vitesse automatique",145000 DH,1991,172000,Diesel,Automatique,N/A,N/A
https://www.avito.ma/fr/al_aroui/voitures_d_occasion/Opel_corsa_55635064.htm,Opel-corsa,128000 DH,2021,150000,Diesel,Manuelle,N/A,N/A
https://www.avito.ma/fr/aïn_chock/voitures_d_occasion/Dacia_Dokker_Diesel_Manuelle_2015_à_Casablanca_57777065.htm,Dacia Dokker Diesel Manuelle 2015 à Casablanca,106000 DH,2015,384000,Diesel,Manuelle,N/A,N/A
https://www.avito.ma/fr/centre_ville/voitures_d_occasion/AUDI_A6_Diesel_Automatique_2017_56680515.htm,AUDI A6 Diesel Automatique 2017,235000 DH,2017,166000,Diesel,Automatique,N/A,N/A
https://www.avito.ma/fr/hay_el_fath/voitures_d_occasion/Mercedes_Benz_Classe_GLC_Diesel_Automatique_2022_57220021.htm,Mercedes-Benz Classe GLC Diesel Automatique 2022,0 DH,2022,80000,Diesel,Automatique,N/A,N/A
https://www.avito.ma/fr/settat/voitures_d_occasion/Peugeot_2008_Diesel_Manuelle_2022_à_Settat_57233541.htm,This site can’t be reached,N/A,N/A,N/A,N/A,N/A,N/A,N/A
https://www.avito.ma/fr/biranzarane/voitures_d_occasion/Peugeot_2008_Hybride_Automatique_2025_57591703.htm,Your connection was interrupted,N/A,N/A,N/A,N/A,N/A,N/A,N/A
https://www.avito.ma/fr/hay_riad/voitures_d_occasion/Audi_A5_S_line_à_Rabat_57708289.htm,Audi A5 S line à Rabat,0 DH,2022,50000,Diesel,Automatique,N/A,N/A
https://www.avito.ma/fr/autre_secteur/voitures_d_occasion/Mercedes_Benz_Classe_GLA_57621976.htm,Mercedes-Benz Classe GLA,385000 DH,2023,39000,Diesel,Automatique,N/A,N/A
https://www.avito.ma/fr/ain_sebaa/voitures_d_occasion/Mercedes_Benz_GLA_200_D_Urban_55833228.htm,Mercedes-Benz GLA 200 D Urban,320000 DH,2020,80000,Diesel,Automatique,N/A,N/A
https://www.avito.ma/fr/centre/voitures_d_occasion/Mercedes_Benz_CLE_Diesel_Automatique_2024_57787374.htm,Mercedes-Benz CLE Diesel Automatique 2024,0 DH,2024,25000,Diesel,Automatique,N/A,N/A
https://www.avito.ma/fr/aïn_borja/voitures_d_occasion/Dacia_Sandero_57572884.htm,Dacia Sandero,0 DH,2023,110000,Diesel,Manuelle,N/A,N/A
https://www.avito.ma/fr/hay_zaytoun/voitures_d_occasion/Clio_TT_Options_1_million_Kms_55826271.htm,Clio TT Options 1 million Kms,118000 DH,2016,200,Diesel,Manuelle,N/A,N/A
https://www.avito.ma/fr/bourgogne/voitures_d_occasion/Volkswagen_Golf_8_GTI_2023_55610715.htm,Volkswagen Golf 8 GTI 2023,0 DH,2023,20000,Essence,Manuelle,N/A,N/A
https://www.avito.ma/fr/aïn_diab/voitures_d_occasion/BMW_X5_xdrive_57767229.htm,BMW X5 xdrive,430000 DH,2019,100000,Diesel,Automatique,N/A,N/A
https://www.avito.ma/fr/californie/voitures_d_occasion/Fiat_500_Automatique_56930676.htm,Fiat 500 Automatique,0 DH,2025,16000,Essence,Automatique,N/A,N/A
https://www.avito.ma/fr/guéliz/voitures_d_occasion/Volkswagen_Touareg_Diesel_Automatique_2017_57796269.htm,Volkswagen Touareg Diesel Automatique 2017,175000 DH,2017,172000,Diesel,Automatique,N/A,N/A
https://www.avito.ma/fr/2_mars/voitures_d_occasion/Range_sport_importé_neuf_55731628.htm,Range sport importé neuf,119000 DH,2011,200000,Diesel,Automatique,N/A,N/A
https://www.avito.ma/fr/route_ain_chkaf/voitures_d_occasion/Step_Way_11_2021_57511665.htm,Step Way 11/2021,143000 DH,2022,75000,Diesel,Manuelle,N/A,N/A
https://www.avito.ma/fr/av_mohammed_v/voitures_d_occasion/Cayenne_Coupé_non_immatriculé_57602404.htm,Cayenne Coupé non immatriculé,575000 DH,2021,64000,Hybride,Automatique,N/A,N/A
https://www.avito.ma/fr/californie/voitures_d_occasion/DODGE_CHARGER_Essence_Automatique_2021_56986903.htm,DODGE CHARGER Essence Automatique 2021,380000 DH,2021,109000,Essence,Automatique,N/A,N/A
https://www.avito.ma/fr/sidi_ghanem/voitures_d_occasion/Fiat_500_C_Essence_Automatique_2022_à_Marrakech_57077196.htm,Fiat 500 C Essence Automatique 2022 à Marrakech,155000 DH,2021,100000,Essence,Automatique,N/A,N/A
https://www.avito.ma/fr/oulfa/voitures_d_occasion/Toyota_hilux_double_cabine_57604295.htm,Toyota hilux double cabine,0 DH,2021,70000,Diesel,Manuelle,N/A,N/A
https://www.avito.ma/fr/salé/voitures_d_occasion/Mercedes_C_220_à_vendre_57155138.htm,Mercedes C 220 à vendre,240000 DH,2014,260000,Diesel,Automatique,N/A,N/A
https://www.avito.ma/fr/anfa/voitures_d_occasion/VOLKSWAGEN_TOUAREG_DIESEL_56340380.htm,VOLKSWAGEN TOUAREG DIESEL,167000 DH,2017,200000,Diesel,Automatique,N/A,N/A
https://www.avito.ma/fr/autre_secteur/voitures_d_occasion/Dacia_Sandero_diesel_57745380.htm,Dacia Sandero diesel,118000 DH,2023,130,Diesel,Manuelle,N/A,N/A
https://www.avito.ma/fr/hay_riad/voitures_d_occasion/Audi_A1_automatique_essence_2013_à_Rabat_57709101.htm,Audi A1 automatique essence 2013 à Rabat,108000 DH,2013,160000,Essence,Automatique,N/A,N/A
https://www.avito.ma/fr/centre_ville/voitures_d_occasion/GOLF_8_GTD_57711206.htm,GOLF 8 GTD,0 DH,2021,95000,Diesel,Automatique,N/A,N/A
https://www.avito.ma/fr/californie/voitures_d_occasion/PEUGEOT_5008_GT_2018_CASABLANCA_57459754.htm,PEUGEOT 5008 GT 2018 CASABLANCA,230000 DH,2018,111000,Diesel,Automatique,N/A,N/A
https://www.avito.ma/fr/2_mars/voitures_d_occasion/Nissan_Qashqai_56573393.htm,Nissan Qashqai,168000 DH,2017,164000,Diesel,Manuelle,N/A,N/A
https://www.avito.ma/fr/el_houda/voitures_d_occasion/Volkswagen_T_Roc_Diesel_Automatique_2024_à_Agadir_57196179.htm,Volkswagen T-Roc Diesel Automatique 2024 à Agadir,0 DH,2024,65000,Diesel,Automatique,N/A,N/A
https://www.avito.ma/fr/almaz/voitures_d_occasion/BMW_X3_Diesel_Automatique_2021_à_Casablanca_57143042.htm,BMW X3 Diesel Automatique 2021 à Casablanca,0 DH,2021,105000,Diesel,Automatique,N/A,N/A
https://www.avito.ma/fr/el_houda/voitures_d_occasion/Volkswagen_Polo_Essence_Manuelle_2022_à_Agadir_57413864.htm,Volkswagen Polo Essence Manuelle 2022 à Agadir,0 DH,2022,24000,Essence,Manuelle,N/A,N/A
https://www.avito.ma/fr/sidi_othmane/voitures_d_occasion/Hyundai_i30_CRDI_Diesel_2016_57078178.htm,Hyundai i30 CRDI Diesel 2016,123000 DH,2016,185000,Diesel,Manuelle,N/A,N/A
https://www.avito.ma/fr/hay_zaytoun/voitures_d_occasion/Hyundai_Creta_Diesel_Manuelle_2016_à_Agadir_57683825.htm,Hyundai Creta Diesel Manuelle 2016 à Agadir,167000 DH,2016,180000,Diesel,Manuelle,N/A,N/A
https://www.avito.ma/fr/hay_riad/voitures_d_occasion/Hyundai_Tucson_57079853.htm,Hyundai Tucson,0 DH,2023,80,Hybride,Automatique,N/A,DESCRIPTION  VOIR PLUS
https://www.avito.ma/fr/aharrarine/voitures_d_occasion/Voiture_en_très_bon_état_57796605.htm,Voiture en très bon état,88000 DH,2023,9378,Essence,Manuelle,N/A,N/A
https://www.avito.ma/fr/hay_hassani/voitures_d_occasion/RANGE_ROVER_evoque__dynamique_plus__57796419.htm,RANGE ROVER evoque (dynamique plus),165000 DH,2012,200,Diesel,Automatique,N/A,N/A
https://www.avito.ma/fr/autre_secteur/voitures_d_occasion/Volkswagen_Tiguan_R_Line_Automatique_2022_57501528.htm,Volkswagen Tiguan R Line Automatique 2022,0 DH,2022,74000,Diesel,Automatique,N/A,N/A
https://www.avito.ma/fr/aïn_chock/voitures_d_occasion/Jeep_Grand_Cherokee_Diesel_Automatique_2016_57791648.htm,Jeep Grand Cherokee Diesel Automatique 2016,135000 DH,2016,200000,Diesel,Automatique,N/A,N/A
https://www.avito.ma/fr/maarif/voitures_d_occasion/Opel_Vivaro_Diesel_Manuelle_2021_à_Casablanca_56652966.htm,Opel Vivaro Diesel Manuelle 2021 à Casablanca,0 DH,2021,90000,Diesel,Manuelle,N/A,N/A
https://www.avito.ma/fr/el_houda/voitures_d_occasion/Volvo_s90_D4_diesel_full_option_2021_57163800.htm,Volvo s90 D4 diesel full option 2021,0 DH,2021,111000,Diesel,Automatique,N/A,N/A
https://www.avito.ma/fr/aïn_chock/voitures_d_occasion/Volkswagen_Tiguan_Diesel_Automatique_2018_57795744.htm,Volkswagen Tiguan Diesel Automatique 2018,230000 DH,2018,204000,Diesel,Automatique,N/A,N/A
https://www.avito.ma/fr/al_hadiqa/voitures_d_occasion/Jeep_Renegade_2023_diesel_manuelle_57796604.htm,Jeep Renegade 2023 diesel manuelle,190000 DH,2023,90,Diesel,Manuelle,N/A,N/A
https://www.avito.ma/fr/hay_riad/voitures_d_occasion/Mercedes_E_220_Automatique_2011_57786362.htm,Mercedes E 220 Automatique 2011,0 DH,2011,220000,Diesel,Automatique,N/A,N/A
https://www.avito.ma/fr/centre_ville/voitures_d_occasion/Kia_Seltos_Diesel_Automatique_2024_à_Marrakech_57796490.htm,Kia Seltos Diesel Automatique 2024 à Marrakech,0 DH,2024,28000,Diesel,Automatique,N/A,N/A
https://www.avito.ma/fr/chefchaouen/voitures_d_occasion/Passat_2019_Douane_2026_57796649.htm,Passat 2019 Douane 2026,0 DH,2019,150000,Diesel,Automatique,N/A,N/A
https://www.avito.ma/fr/sidi_maarouf/voitures_d_occasion/Ford_Fusion_Diesel_Manuelle_2018_à_Casablanca_57586318.htm,Ford Fusion Diesel Manuelle 2018 à Casablanca,158000 DH,2018,187000,Diesel,Manuelle,N/A,N/A
https://www.avito.ma/fr/2_mars/voitures_d_occasion/Megane_coupé_1_9_57034852.htm,Megane coupé 1.9,77000 DH,2009,200000,Diesel,Manuelle,N/A,N/A
https://www.avito.ma/fr/centre_ville/voitures_d_occasion/Toyota_Yaris_hybride_distinctive_2022_52000kms_57786900.htm,Toyota Yaris hybride distinctive 2022 52000kms,178000 DH,2022,52800,Hybride,Automatique,N/A,N/A
https://www.avito.ma/fr/centre_ville/voitures_d_occasion/Citroën_Berlingo_0_peinture_0_retouche_57026975.htm,Citroën Berlingo 0 peinture 0 retouche,165000 DH,2021,103000,Diesel,Manuelle,N/A,N/A
https://www.avito.ma/fr/branes_2/voitures_d_occasion/Dacia_Dokker_2020_57796596.htm,Dacia Dokker 2020,0 DH,2020,180000,Diesel,Manuelle,N/A,N/A
https://www.avito.ma/fr/ain_sebaa/voitures_d_occasion/Skoda_Octavia_2019_57736317.htm,Skoda Octavia 2019,188000 DH,2019,180000,Diesel,Automatique,N/A,DESCRIPTION
https://www.avito.ma/fr/agdal/voitures_d_occasion/Mercedes_sport_line_diesel_57551274.htm,Mercedes sport line diesel,107000 DH,2005,263000,Diesel,Automatique,N/A,N/A
https://www.avito.ma/fr/al_qods/voitures_d_occasion/Toyota_Hilux_Diesel_Manuelle_2024_à_Casablanca_57580604.htm,Toyota Hilux Diesel Manuelle 2024 à Casablanca,0 DH,2024,50000,Diesel,Manuelle,N/A,N/A
https://www.avito.ma/fr/narjis/voitures_d_occasion/Audi_A3_Sportback_2023_première_main_full_57748314.htm,Audi A3 Sportback 2023 première main full,335000 DH,2020,49000,Diesel,Automatique,N/A,N/A
https://www.avito.ma/fr/aïn_chock/voitures_d_occasion/Volkswagen_Troc_57646378.htm,Volkswagen Troc,0 DH,2023,120000,Diesel,Automatique,N/A,N/A
https://www.avito.ma/fr/hassan/voitures_d_occasion/Citroën_c4_diesel_automatique_shine_avec_toit_57183014.htm,Citroën c4 diesel automatique shine avec toit,260000 DH,2025,25000,Diesel,Automatique,N/A,N/A
https://www.avito.ma/fr/hay_el_fath/voitures_d_occasion/RANGE_ROVER_SPORT_ROUGE_EDITION_IMPORTÉ_NEUF_57704698.htm,RANGE ROVER SPORT ROUGE EDITION IMPORTÉ NEUF,0 DH,2013,180000,Diesel,Automatique,N/A,N/A
https://www.avito.ma/fr/ain_sebaa/voitures_d_occasion/Seat_Ibiza_1_0_TSI_115_URBAN_57306237.htm,Seat Ibiza 1.0 TSI 115 URBAN,169000 DH,2021,56951,Essence,Manuelle,N/A,N/A
https://www.avito.ma/fr/maarif/voitures_d_occasion/Volkswagen_Golf_7_Diesel_Automatique_2015_57796670.htm,Voitures d'occasion    à vendre au  Maroc : 100009 annonces,N/A,N/A,km km,Diesel Essence Electrique LPG Hybride,Automatique Manuelle,CHOISIR  - MODÈLE CHEVRONRIGHT ICON,CHOISIR MARQUE -  CHEVRONRIGHT ICON
https://www.avito.ma/fr/centre_ville/voitures_d_occasion/SEAT_ARONA_Diesel_Manuelle_2023_57049626.htm,SEAT ARONA Diesel Manuelle 2023,206000 DH,2023,28642,Diesel,Manuelle,N/A,N/A
https://www.avito.ma/fr/autre_secteur/voitures_d_occasion/KIA___FIAT_500C_57796570.htm,KIA - FIAT 500C,155000 DH,2022,99101,Essence,Automatique,N/A,N/A
https://www.avito.ma/fr/safir/voitures_d_occasion/CUPRA_FORMENTOR_COOPER_57514464.htm,CUPRA FORMENTOR COOPER,410000 DH,2025,11000,Diesel,Automatique,N/A,DESCRIPTION  VOIR PLUS
https://www.avito.ma/fr/centre_ville/voitures_d_occasion/Land_Rover_Range_Rover_Evoque_Diesel_Automatique_57719302.htm,Land Rover Range Rover Evoque Diesel Automatique,0 DH,2020,124000,Diesel,Automatique,N/A,N/A
https://www.avito.ma/fr/hay_el_fath/voitures_d_occasion/Mercedes_Benz_E300de_2026_Pack_AMG_full_black_57247702.htm,Mercedes-Benz E300de 2026 Pack AMG full black,0 DH,2026,10,Diesel,Automatique,N/A,N/A
https://www.avito.ma/fr/errachidia/voitures_d_occasion/Golf_5_2L_8cv_GTI_Sport_57796410.htm,Golf 5 2L/8cv GTI Sport,78000 DH,2004,200000,Diesel,Manuelle,N/A,N/A
https://www.avito.ma/fr/abattoirs/voitures_d_occasion/Peugeot_Boxer_L3_H3_3_panneaux_57777210.htm,Peugeot Boxer L3 H3 3 panneaux,195000 DH,2020,154000,Diesel,Manuelle,N/A,DESCRIPTION
https://www.avito.ma/fr/ain_el_hayani/voitures_d_occasion/AUDI_Q3_SPORTBACK_2026_S_Line_47854661.htm,AUDI Q3 SPORTBACK 2026 S-Line,0 DH,2026,10,Diesel,Automatique,N/A,N/A
https://www.avito.ma/fr/derb_ghallef/voitures_d_occasion/Toyota_C_HR_57716641.htm,Toyota C-HR,200000 DH,2020,106939,Hybride,Automatique,N/A,N/A
https://www.avito.ma/fr/anfa/voitures_d_occasion/CLASSE_E_350_e_57796299.htm,CLASSE E 350 e,0 DH,2024,18000,Hybride,Automatique,N/A,N/A
https://www.avito.ma/fr/ahlane/voitures_d_occasion/Audi_A3_Quatro_57434530.htm,Audi A3 Quatro,425000 DH,2021,85000,Diesel,Automatique,N/A,DESCRIPTION  VOIR PLUS
https://www.avito.ma/fr/centre/voitures_d_occasion/Renault_Clio_4_vitesse_automatique_2021_57795977.htm,Renault Clio 4 vitesse automatique 2021,0 DH,2021,120000,Diesel,Automatique,N/A,N/A
https://www.avito.ma/fr/sidi_ghanem/voitures_d_occasion/Range_Rover_Sport_essence_57622823.htm,Range Rover Sport essence,0 DH,2016,88000,Essence,Automatique,N/A,N/A
https://www.avito.ma/fr/autre_secteur/voitures_d_occasion/Skoda_Karoq_Diesel_Automatique_2020_57501509.htm,Skoda Karoq Diesel Automatique 2020,0 DH,2020,115000,Diesel,Automatique,N/A,N/A
https://www.avito.ma/fr/hay_riad/voitures_d_occasion/OPEL_Corsa_1_5_D_102_GS_line_plus_57760819.htm,OPEL Corsa 1.5 D 102 GS line plus,0 DH,2022,90000,Diesel,Manuelle,N/A,N/A
https://www.avito.ma/fr/autre_secteur/voitures_d_occasion/Peugeot_3008_Diesel_Automatique_2020_à_Temara_57699447.htm,Peugeot 3008 Diesel Automatique 2020 à Temara,0 DH,2020,130000,Diesel,Automatique,N/A,N/A
https://www.avito.ma/fr/autre_secteur/voitures_d_occasion/Honda_Civic_57746315.htm,Honda Civic,183000 DH,2019,100424,Diesel,Manuelle,N/A,N/A
https://www.avito.ma/fr/californie/voitures_d_occasion/Hyundai_Tucson_Diesel_Automatique_2024_56936859.htm,Hyundai Tucson Diesel Automatique 2024,0 DH,2024,40000,Diesel,Automatique,N/A,N/A
https://www.avito.ma/fr/centre/voitures_d_occasion/BMW_X7_56737792.htm,BMW X7,680000 DH,2019,85000,Diesel,Automatique,N/A,N/A
https://www.avito.ma/fr/ain_sebaa/voitures_d_occasion/Alfa_Romeo_Giulietta_57795854.htm,Alfa Romeo Giulietta,145000 DH,2020,65000,Diesel,Manuelle,N/A,N/A
https://www.avito.ma/fr/essalam/voitures_d_occasion/Citroën_C5_57796228.htm,Citroën C5,0 DH,2002,300000,Diesel,Manuelle,N/A,N/A
https://www.avito.ma/fr/autre_secteur/voitures_d_occasion/Renault_Clio_Diesel_57746912.htm,Renault Clio Diesel,60000 DH,2005,200,Diesel,Manuelle,N/A,DESCRIPTION
https://www.avito.ma/fr/aïn_chock/voitures_d_occasion/CHEVROLET_ORLANDO_AUTOMATIQUE_1ER_MAIN____7_PLACES_50097306.htm,CHEVROLET ORLANDO AUTOMATIQUE 1ER MAIN ✋️ 7 PLACES,99000 DH,2015,170000,Diesel,Automatique,N/A,N/A
https://www.avito.ma/fr/biranzarane/voitures_d_occasion/VOLKSWAGEN_TIGUAN_DIESEL_AUTOMATIQUE_2018_57737573.htm,VOLKSWAGEN TIGUAN DIESEL AUTOMATIQUE 2018,0 DH,2018,180000,Diesel,Automatique,N/A,N/A
https://www.avito.ma/fr/hay_el_fath/voitures_d_occasion/Dacia_Logan_Journey_57560555.htm,Dacia Logan Journey,156000 DH,2023,46532,Diesel,Manuelle,N/A,N/A
https://www.avito.ma/fr/hay_riad/voitures_d_occasion/Mercedes_CLA_220_dédouanée_2026_AMG_LINE_PLUS_57743556.htm,Mercedes CLA 220 dédouanée 2026 AMG LINE PLUS,468000 DH,2020,139000,Diesel,Automatique,N/A,N/A
https://www.avito.ma/fr/allal_el_fassi/voitures_d_occasion/Golf_8_5_R_Lin_57003821.htm,Golf 8.5 R Lin,0 DH,2025,30000,Diesel,Automatique,N/A,N/A
https://www.avito.ma/fr/biranzarane/voitures_d_occasion/SEAT_IBIZA_ESSENCE_AUTOMATIQUE_2025_56943862.htm,SEAT IBIZA ESSENCE AUTOMATIQUE 2025,0 DH,2025,10000,Essence,Automatique,N/A,N/A
https://www.avito.ma/fr/2_mars/voitures_d_occasion/Peugeot_208_diesel_57042998.htm,Peugeot 208 diesel,139000 DH,2022,131000,Diesel,Manuelle,N/A,N/A
https://www.avito.ma/fr/lallamaryem/voitures_d_occasion/Benslimane_57796135.htm,Benslimane,0 DH,2021,177,Essence,Manuelle,N/A,N/A
https://www.avito.ma/fr/ain_sebaa/voitures_d_occasion/Lexus_RX_450h_4WD_Luxury_55841953.htm,Lexus RX 450h 4WD Luxury,425000 DH,2021,65000,Hybride,Automatique,N/A,N/A
https://www.avito.ma/fr/rabat/voitures_d_occasion/Mercedes_Benz_Classe_E_Diesel_Automatique_2017_57795895.htm,Mercedes-Benz Classe E Diesel Automatique 2017,260000 DH,2017,217,Diesel,Automatique,N/A,N/A
https://www.avito.ma/fr/autre_secteur/voitures_d_occasion/KIA___CITROËN_C_Elysée_57796047.htm,KIA - CITROËN C-Elysée,150000 DH,2024,40459,Diesel,Manuelle,N/A,N/A
https://www.avito.ma/fr/californie/voitures_d_occasion/Mercedes_Benz_classe_c_200d_diesel_57412477.htm,Mercedes Benz classe c 200d diesel,265000 DH,2019,116000,Diesel,Automatique,N/A,N/A
https://www.avito.ma/fr/bele_vue/voitures_d_occasion/Mercedes_Classe_C_220_BlueTEC_1ère_main_57791437.htm,Mercedes Classe C 220 BlueTEC 1ère main,265000 DH,2015,175000,Diesel,Automatique,N/A,N/A
https://www.avito.ma/fr/la_gironde/voitures_d_occasion/Fiat_Fiorino_tabla_57239367.htm,Fiat Fiorino tabla,0 DH,2022,90000,Diesel,Manuelle,N/A,N/A
https://www.avito.ma/fr/autre_secteur/voitures_d_occasion/KIA___VOLKSWAGEN_Coccinelle_57796442.htm,KIA - VOLKSWAGEN Coccinelle,235000 DH,2019,104726,Diesel,Automatique,N/A,N/A
https://www.avito.ma/fr/abdelmoumen/voitures_d_occasion/Mitsubishi_Pajero_Diesel_Automatique_2021_57771444.htm,Mitsubishi Pajero Diesel Automatique 2021,375000 DH,2021,139000,Diesel,Automatique,N/A,N/A
https://www.avito.ma/fr/agdal/voitures_d_occasion/C3_HDI_diesel_57796115.htm,C3 HDI diesel,59000 DH,2008,280000,Diesel,Manuelle,N/A,N/A
https://www.avito.ma/fr/hivernage/voitures_d_occasion/CADILLAC_ESCALADE_PLATINIUM_55743076.htm,CADILLAC ESCALADE PLATINIUM,0 DH,2018,55000,Essence,Automatique,N/A,N/A
https://www.avito.ma/fr/guich_oudaya/voitures_d_occasion/Jeep_Grand_Cherokee_57709032.htm,Jeep Grand Cherokee,158000 DH,2017,154000,Diesel,Automatique,N/A,N/A
https://www.avito.ma/fr/ain_el_hayani/voitures_d_occasion/MERCEDES_GLC_300de_2026_NOIR_49975159.htm,MERCEDES GLC 300de 2026 NOIR,0 DH,2026,2,Hybride,Automatique,N/A,N/A
https://www.avito.ma/fr/californie/voitures_d_occasion/Peugeot_3008GT_2025_Casablanca_57658341.htm,Peugeot 3008GT 2025 Casablanca,350000 DH,2025,22000,Hybride,Automatique,N/A,N/A
https://www.avito.ma/fr/oasis/voitures_d_occasion/Hyundai_Santa_Fe_2019___Finition_Luxe___7_Places_57714352.htm,Hyundai Santa Fe 2019 - Finition Luxe - 7 Places,242000 DH,2019,224000,Diesel,Automatique,N/A,N/A
https://www.avito.ma/fr/hivernage/voitures_d_occasion/PORSCHE_PANAMERA_4S_ESSENCE_56466129.htm,PORSCHE PANAMERA 4S ESSENCE,0 DH,2010,80000,Essence,Automatique,N/A,N/A
https://www.avito.ma/fr/bourgogne/voitures_d_occasion/Volkswagen_Touareg_2022_57373533.htm,Volkswagen Touareg 2022,0 DH,2022,110000,Diesel,Automatique,N/A,N/A
https://www.avito.ma/fr/marrakech/voitures_d_occasion/Hyundai_i10_Essence_Manuelle_2011_à_Marrakech_57795777.htm,Hyundai i10 Essence Manuelle 2011 à Marrakech,58000 DH,2011,217000,Essence,Manuelle,N/A,N/A
https://www.avito.ma/fr/bournazil/voitures_d_occasion/TOYOTA_C_HR_Hybride_Automatique_2019_56969234.htm,TOYOTA C-HR Hybride Automatique 2019,183000 DH,2019,66000,Hybride,Automatique,N/A,N/A
https://www.avito.ma/fr/larache/voitures_d_occasion/HYUNDAI_SANTA_FE_Diesel_Automatique_2015_à_Larache_57719393.htm,HYUNDAI SANTA FE Diesel Automatique 2015 à Larache,175000 DH,2015,270000,Diesel,Automatique,N/A,N/A
https://www.avito.ma/fr/drissia/voitures_d_occasion/KIA_SELTOS_ACTIVE_2021_DIESEL_AUTOMATIQUE_À_TANGER_57751689.htm,KIA SELTOS ACTIVE 2021 DIESEL AUTOMATIQUE À TANGER,237000 DH,2021,62250,Diesel,Automatique,N/A,N/A
https://www.avito.ma/fr/anfa/voitures_d_occasion/FERRARI_296_GTB_57796385.htm,FERRARI 296 GTB,0 DH,2026,600,Hybride,Automatique,N/A,N/A
https://www.avito.ma/fr/khouribga/voitures_d_occasion/Hyundai_Santa_Fe_08_2018_TOUTES_OPTIONS_57591809.htm,Hyundai Santa Fe 08/2018 TOUTES OPTIONS,215000 DH,2018,194000,Diesel,Automatique,N/A,N/A
https://www.avito.ma/fr/biar/voitures_d_occasion/Peugeot_108_Essence_Manuelle_2017_à_Safi_57760478.htm,Peugeot 108 Essence Manuelle 2017 à Safi,0 DH,2017,100000,Essence,Manuelle,N/A,N/A
https://www.avito.ma/fr/ain_sebaa/voitures_d_occasion/Tucson_ultimate_full_option_2021_12_57754264.htm,Tucson ultimate full option 2021/12,250000 DH,2021,200000,Diesel,Automatique,N/A,N/A
https://www.avito.ma/fr/ain_sebaa/voitures_d_occasion/A_vendre_Mercedes_C200_dédouanée_57761560.htm,A vendre Mercedes C200 dédouanée,89000 DH,2005,200000,Diesel,Manuelle,N/A,N/A
https://www.avito.ma/fr/anfa/voitures_d_occasion/Land_Rover_Defender_Diesel_Automatique_2023_55739559.htm,Land Rover Defender Diesel Automatique 2023,820000 DH,2023,20000,Diesel,Automatique,N/A,N/A
https://www.avito.ma/fr/maarif/voitures_d_occasion/C300e_essence_électrique_import_neuf_57615958.htm,C300e essence électrique import neuf,0 DH,2024,52000,Essence,Automatique,N/A,N/A
https://www.avito.ma/fr/aïn_chock/voitures_d_occasion/Golfe6_2012_diwan_2015_52411268.htm,Golfe6 2012 diwan 2015,122000 DH,2012,190000,Diesel,Manuelle,N/A,DESCRIPTION
https://www.avito.ma/fr/centre_ville/voitures_d_occasion/Toyota_Corolla_X_SUV_Hybride_Automatique_2022_57643408.htm,Toyota Corolla X SUV Hybride Automatique 2022,250000 DH,2022,95000,Hybride,Automatique,N/A,N/A
https://www.avito.ma/fr/bir_rami/voitures_d_occasion/Sandero_Stepway_faible_kilométrage_57786700.htm,Sandero Stepway faible kilométrage,135000 DH,2019,,Diesel,Manuelle,N/A,N/A
https://www.avito.ma/fr/route_de_casablanca/voitures_d_occasion/Mr_Tariq_Sakhkhane_57768766.htm,Mr Tariq Sakhkhane,0 DH,2022,107000,Diesel,Automatique,N/A,N/A
https://www.avito.ma/fr/hivernage/voitures_d_occasion/Bentley_Bentayga_V8_S_Speed_57762923.htm,Bentley Bentayga V8 S Speed,2900000 DH,2023,36000,Essence,Automatique,N/A,N/A
https://www.avito.ma/fr/autre_secteur/voitures_d_occasion/Skoda_Scala_2022_dédouanée_2026_56460726.htm,Skoda Scala 2022 dédouanée 2026,0 DH,2022,80000,Diesel,Automatique,N/A,N/A
https://www.avito.ma/fr/agdal/voitures_d_occasion/Tucson_Touristique_57683248.htm,Tucson Touristique,0 DH,2020,260000,Diesel,Manuelle,N/A,N/A
https://www.avito.ma/fr/aïn_chock/voitures_d_occasion/Passat_2010_dédouanée_2014_54773053.htm,Passat 2010 dédouanée 2014,105000 DH,2010,250000,Diesel,Manuelle,N/A,N/A
https://www.avito.ma/fr/centre_ville/voitures_d_occasion/Audi_Q3_hybride_2026_0km_56408677.htm,Audi Q3 hybride 2026 0km,0 DH,2026,1,Hybride,Automatique,N/A,N/A
https://www.avito.ma/fr/belvédère/voitures_d_occasion/BMW_X1_Diesel_Automatique_2018_à_Casablanca_57634397.htm,BMW X1 Diesel Automatique 2018 à Casablanca,239000 DH,2018,108000,Diesel,Automatique,N/A,N/A
https://www.avito.ma/fr/centre_ville/voitures_d_occasion/LAND_ROVER_SPORT_TOUTE_OPTION_MODÈLE_2016_57717228.htm,LAND ROVER SPORT TOUTE OPTION MODÈLE 2016,0 DH,2016,172,Diesel,Automatique,N/A,
https://www.avito.ma/fr/racine/voitures_d_occasion/LEXUS_RX_Hybride_Automatique_2020_56586778.htm,LEXUS RX Hybride Automatique 2020,350000 DH,2020,50000,Hybride,Automatique,N/A,N/A
https://www.avito.ma/fr/autre_secteur/voitures_d_occasion/Ford_Kuga_57651424.htm,Ford Kuga,245000 DH,2023,104000,Diesel,Automatique,N/A,N/A
https://www.avito.ma/fr/autre_secteur/voitures_d_occasion/Nissan_Micra_57796368.htm,Nissan Micra,0 DH,2017,0,Diesel,Manuelle,N/A,N/A
https://www.avito.ma/fr/2_mars/voitures_d_occasion/Peugeot_206_essence_76000km_57790995.htm,Peugeot 206 essence 76000km,66000 DH,2011,76000,Essence,Manuelle,N/A,N/A
https://www.avito.ma/fr/hay_zaytoun/voitures_d_occasion/Kia_Sportage_tt_option_57421544.htm,Kia Sportage tt option,160000 DH,2016,200000,Diesel,Automatique,N/A,DESCRIPTION
https://www.avito.ma/fr/ahlane/voitures_d_occasion/RsQ3_audi_57430994.htm,RsQ3 audi,0 DH,2022,67000,Essence,Automatique,N/A,DESCRIPTION  VOIR PLUS
https://www.avito.ma/fr/el_haddada/voitures_d_occasion/Voiture_familiale_propre_57732218.htm,Voiture familiale propre,175000 DH,2018,160000,Diesel,Manuelle,N/A,N/A
https://www.avito.ma/fr/guéliz/voitures_d_occasion/Audi_RSQ3_09_2020_57504781.htm,Audi RSQ3 09/2020,560000 DH,2020,94000,Essence,Automatique,N/A,N/A
https://www.avito.ma/fr/aïn_chock/voitures_d_occasion/Skoda_Kodiaq_Diesel_Automatique_2019_à_Casablanca_57527555.htm,Skoda Kodiaq Diesel Automatique 2019 à Casablanca,0 DH,2019,204000,Diesel,Automatique,N/A,DESCRIPTION
https://www.avito.ma/fr/abouab_sala/voitures_d_occasion/DACIA_LOGAN_Diesel_Manuelle_2025_57180697.htm,DACIA LOGAN Diesel Manuelle 2025,140000 DH,2025,11000,Diesel,Manuelle,N/A,N/A
https://www.avito.ma/fr/mozart/voitures_d_occasion/Mercedes_GLC_220d_4Matic_2017_57269557.htm,Mercedes GLC 220d 4Matic 2017,295000 DH,2017,235000,Diesel,Automatique,N/A,N/A
https://www.avito.ma/fr/hay_zaytoun/voitures_d_occasion/Audi_Q_2_automatique_57323177.htm,Audi Q 2 automatique,355000 DH,2021,188000,Diesel,Automatique,N/A,N/A
https://www.avito.ma/fr/route_d_immouzere/voitures_d_occasion/Hyundai_Accent_Diesel_Automatique_2020_à_Fès_57787411.htm,Hyundai Accent Diesel Automatique 2020 à Fès,157000 DH,2020,130000,Diesel,Automatique,N/A,N/A
https://www.avito.ma/fr/aïn_diab/voitures_d_occasion/Ford_Explorer_57622764.htm,Ford Explorer,650000 DH,2024,10648,Hybride,Automatique,N/A,N/A
https://www.avito.ma/fr/californie/voitures_d_occasion/Mercedes_C220d_Pack_Amg_2022_57691475.htm,Mercedes C220d Pack Amg 2022,0 DH,2022,105000,Diesel,Automatique,N/A,N/A
https://www.avito.ma/fr/autre_secteur/voitures_d_occasion/Nissan_Qashqai_Diesel_Automatique_2017_57766521.htm,Nissan Qashqai Diesel Automatique 2017,0 DH,2017,134000,Diesel,Automatique,N/A,N/A
https://www.avito.ma/fr/larache/voitures_d_occasion/Renault_CAPTUR_2022_Automatique_1er_main_a_larache_57465711.htm,Renault CAPTUR 2022 Automatique 1er main a larache,172000 DH,2022,100000,Essence,Automatique,N/A,N/A
https://www.avito.ma/fr/autre_secteur/voitures_d_occasion/Renault_Clio_4_Limited_2017______57287808.htm,Renault Clio 4 Limited 2017❤️‍🔥,0 DH,2017,72000,Diesel,Manuelle,N/A,N/A
https://www.avito.ma/fr/centre_ville/voitures_d_occasion/Porsche_Cayenne_Diesel_Automatique_2016_56992741.htm,Porsche Cayenne Diesel Automatique 2016,365000 DH,2016,140000,Diesel,Automatique,N/A,N/A
https://www.avito.ma/fr/californie/voitures_d_occasion/Audi_Q3_Diesel_Automatique_2021_à_Casablanca_57728013.htm,Audi Q3 Diesel Automatique 2021 à Casablanca,0 DH,2021,84000,Diesel,Automatique,N/A,N/A
https://www.avito.ma/fr/centre_ville/voitures_d_occasion/RENAULT_CLIO_Diesel_Manuelle_2020_57127355.htm,RENAULT CLIO Diesel Manuelle 2020,145000 DH,2020,132501,Diesel,Manuelle,N/A,N/A
https://www.avito.ma/fr/hay_zaytoun/voitures_d_occasion/Mersidece_bnz_c_200_55917741.htm,Mersidece bnz c 200,130000 DH,2008,136000,Diesel,Manuelle,N/A,DESCRIPTION
https://www.avito.ma/fr/ville_verte/voitures_d_occasion/URGENT_RANGE_VELAR_EXCELLENT_ETAT_57719241.htm,URGENT RANGE VELAR EXCELLENT ETAT,380000 DH,2020,58000,Diesel,Automatique,N/A,N/A
https://www.avito.ma/fr/aïn_chock/voitures_d_occasion/GOLF_8_GTD_gris_nardo_full_57666920.htm,GOLF 8 GTD gris nardo full,0 DH,2022,90000,Diesel,Automatique,N/A,N/A
https://www.avito.ma/fr/guéliz/voitures_d_occasion/Fiat_panda_2012_57795907.htm,Fiat panda 2012,64000 DH,2012,200,Essence,Manuelle,N/A,N/A
https://www.avito.ma/fr/ain_sebaa/voitures_d_occasion/Skoda_Octavia_Diesel_Manuelle_2021_à_Casablanca_57380748.htm,Skoda Octavia Diesel Manuelle 2021 à Casablanca,173000 DH,2021,116,Diesel,Manuelle,N/A,N/A
https://www.avito.ma/fr/autre_secteur/voitures_d_occasion/Hyundai_santa_Fe_2020_diesel__automatique_à_Meknès_57796417.htm,Hyundai santa Fe 2020 diesel  automatique à Meknès,260000 DH,2020,200000,Diesel,Automatique,N/A,N/A
https://www.avito.ma/fr/agdal/voitures_d_occasion/BMW_Série_5_pack_m_2018_57761367.htm,BMW Série 5 pack m 2018,345000 DH,2018,170000,Diesel,Automatique,N/A,N/A
https://www.avito.ma/fr/oasis/voitures_d_occasion/Range_Rover_Sport_3_0_D_Dynamic_à_Casablanca_55741372.htm,Range Rover Sport 3.0 D Dynamic à Casablanca,0 DH,2023,60000,Diesel,Automatique,N/A,N/A
https://www.avito.ma/fr/yacoub_el_mansour/voitures_d_occasion/BMW_520_d___VERSION_SIGNATURE_52803960.htm,BMW 520 d - VERSION SIGNATURE,0 DH,2021,171000,Diesel,Automatique,N/A,N/A
https://www.avito.ma/fr/californie/voitures_d_occasion/BMW_Série_3_320d_Pack_M___2019_Casablanca_56260422.htm,BMW Série 3 320d Pack M - 2019 Casablanca,320000 DH,2019,180000,Diesel,Automatique,N/A,N/A
https://www.avito.ma/fr/agadir/voitures_d_occasion/Mercedes_Benz_220_Diesel_Automatique_2016_à_Agadir_57795839.htm,Mercedes-Benz 220 Diesel Automatique 2016 à Agadir,230000 DH,2016,142000,Diesel,Automatique,N/A,N/A
https://www.avito.ma/fr/route_d_immouzere/voitures_d_occasion/Range_Rover_Evoque_Dynamic_Modèle_2018_57727619.htm,Range Rover Evoque Dynamic Modèle 2018,238000 DH,2018,90000,Diesel,Automatique,N/A,
https://www.avito.ma/fr/agdal/voitures_d_occasion/Camion_Kaicene_56303816.htm,Camion Kaicene,100000 DH,2025,0,Essence,Manuelle,N/A,N/A
https://www.avito.ma/fr/el_houda/voitures_d_occasion/Audi_Q3_Diesel_Automatique_2024_à_Agadir_57002419.htm,Audi Q3 Diesel Automatique 2024 à Agadir,0 DH,2024,25000,Diesel,Automatique,N/A,N/A
https://www.avito.ma/fr/boustane/voitures_d_occasion/Mercedes_Benz_Classe_GLC_Hybride_Automatique_2026_57663916.htm,Mercedes-Benz Classe GLC Hybride Automatique 2026,0 DH,2026,0,Hybride,Automatique,N/A,N/A
https://www.avito.ma/fr/hamria/voitures_d_occasion/Peugeot_208_53954461.htm,Peugeot 208,149000 DH,2021,54,Diesel,Manuelle,N/A,DESCRIPTION
https://www.avito.ma/fr/hamria/voitures_d_occasion/Audi_A3_Diesel_Manuelle_2012_à_Meknès_57649927.htm,Audi A3 Diesel Manuelle 2012 à Meknès,0 DH,2012,226000,Diesel,Manuelle,N/A,N/A
https://www.avito.ma/fr/oulfa/voitures_d_occasion/Land_Rover_Range_Rover_Vogue_Diesel_Automatique_57771434.htm,Land Rover Range Rover Vogue Diesel Automatique,680000 DH,2019,88000,Diesel,Automatique,N/A,N/A
https://www.avito.ma/fr/sidi_ghanem/voitures_d_occasion/Land_Rover_Range_Rover_Sport_Diesel_Automatique_57547070.htm,Land Rover Range Rover Sport Diesel Automatique,0 DH,2021,120000,Diesel,Automatique,N/A,N/A
https://www.avito.ma/fr/maârif_extension/voitures_d_occasion/Audi_A6_pak_luxe_2L_automatique_particulier_2023_52108010.htm,Audi A6 pak luxe 2L automatique particulier 2023,367000 DH,2023,118000,Diesel,Automatique,N/A,N/A
https://www.avito.ma/fr/sala_el_jadida/voitures_d_occasion/Peugeot_3008_Diesel_Automatique_2022_à_Salé_57414366.htm,Peugeot 3008 Diesel Automatique 2022 à Salé,0 DH,2022,100000,Diesel,Automatique,N/A,N/A
https://www.avito.ma/fr/tanger/voitures_d_occasion/Volkswagen_Passat_Diesel_Automatique_2021_à_Tanger_57772083.htm,Volkswagen Passat Diesel Automatique 2021 à Tanger,220000 DH,2021,160000,Diesel,Automatique,N/A,N/A
https://www.avito.ma/fr/route_ain_chkaf/voitures_d_occasion/Audi_A4_Business_Line_2021_Automatique_57482908.htm,Audi A4 Business Line 2021 Automatique,0 DH,2021,110000,Diesel,Automatique,N/A,DESCRIPTION
https://www.avito.ma/fr/val_fleuri/voitures_d_occasion/Peugeot_208_Allure_2024___DERKAOUI_AUTO_53918835.htm,Peugeot 208 Allure 2024 - DERKAOUI AUTO,190000 DH,2024,25000,Diesel,Manuelle,N/A,N/A
https://www.avito.ma/fr/yacoub_el_mansour/voitures_d_occasion/JEEP_GRAND_CHEROKEE_OVERLAND_57496401.htm,JEEP GRAND CHEROKEE OVERLAND,139000 DH,2015,210000,Diesel,Automatique,N/A,N/A
https://www.avito.ma/fr/hay_el_fath/voitures_d_occasion/Volkswagen_Passat_Diesel_Automatique_2021_à_Rabat_57780912.htm,Volkswagen Passat Diesel Automatique 2021 à Rabat,0 DH,2021,159000,Diesel,Automatique,N/A,N/A
https://www.avito.ma/fr/sala_el_jadida/voitures_d_occasion/PEUGEOT_2008_GT_Diesel_57338537.htm,PEUGEOT 2008 GT Diesel,310000 DH,2024,22000,Diesel,Automatique,N/A,N/A
https://www.avito.ma/fr/route_d_immouzere/voitures_d_occasion/Audi_Q3_première_main_full_option_53032493.htm,Audi Q3 première main full option,435000 DH,2024,70000,Diesel,Automatique,N/A,N/A
https://www.avito.ma/fr/les_orangers/voitures_d_occasion/BELLE_TOUAREG_V6_FAIBLE_KILOMÉTRAGE_145000KM_54055135.htm,BELLE TOUAREG V6 FAIBLE KILOMÉTRAGE 145000KM,135000 DH,2007,,Diesel,Automatique,N/A,N/A
https://www.avito.ma/fr/mozart/voitures_d_occasion/Peugeot_5008_GT_7_Places_2022____57690924.htm,Peugeot 5008 GT 7 Places 2022 ✅️,290000 DH,2022,95000,Diesel,Automatique,N/A,N/A
https://www.avito.ma/fr/salé/voitures_d_occasion/Opel_Astra_Diesel_Manuelle_2017_à_Salé_57796050.htm,Opel Astra Diesel Manuelle 2017 à Salé,140000 DH,2017,187,Diesel,Manuelle,N/A,N/A
https://www.avito.ma/fr/drissia/voitures_d_occasion/DACIA_DOKKER_2021_MANUEL_UTILITAIRE_PROPRE_TANGER_57741832.htm,DACIA DOKKER 2021 MANUEL UTILITAIRE PROPRE TANGER,138000 DH,2021,175531,Diesel,Manuelle,N/A,N/A
https://www.avito.ma/fr/autre_secteur/voitures_d_occasion/Kia_sonet_2023_55861166.htm,Kia sonet 2023,0 DH,2023,91000,Essence,Automatique,N/A,N/A
https://www.avito.ma/fr/autre_secteur/voitures_d_occasion/KIA___HYUNDAI_Bayon_57675127.htm,KIA - HYUNDAI Bayon,220000 DH,2023,17200,Essence,Automatique,N/A,N/A
https://www.avito.ma/fr/tétouan/voitures_d_occasion/Peugeot_New_2008_allure_GT_61k_À_Tetouan_56209434.htm,Peugeot New 2008 allure GT 61k À Tetouan,0 DH,2022,61000,Diesel,Manuelle,N/A,N/A
https://www.avito.ma/fr/autre_secteur/voitures_d_occasion/Volkswagen_Golf_8_Diesel_Automatique_2022_57554139.htm,Volkswagen Golf 8 Diesel Automatique 2022,0 DH,2022,165000,Diesel,Automatique,N/A,N/A
https://www.avito.ma/fr/el_houda/voitures_d_occasion/Hyundai_Tucson_Diesel_Automatique_2023_à_Agadir_57703043.htm,Hyundai Tucson Diesel Automatique 2023 à Agadir,0 DH,2023,80000,Diesel,Automatique,N/A,N/A
https://www.avito.ma/fr/labc/voitures_d_occasion/Kia_Picanto_Essence_Automatique_2023_à_Safi_57743205.htm,Kia Picanto Essence Automatique 2023 à Safi,0 DH,2023,102000,Essence,Automatique,N/A,N/A
https://www.avito.ma/fr/hay_zaytoun/voitures_d_occasion/Volkswagen_caddy_57421491.htm,Volkswagen caddy,235000 DH,2023,420000,Diesel,Manuelle,N/A,N/A
https://www.avito.ma/fr/ahlane/voitures_d_occasion/Mercedes_GLC_220_56732348.htm,Mercedes GLC 220,278000 DH,2018,142000,Diesel,Automatique,N/A,N/A
https://www.avito.ma/fr/biranzarane/voitures_d_occasion/BMW_X3_DIESEL_AUTOMATIQUE_2025_57524966.htm,BMW X3 DIESEL AUTOMATIQUE 2025,0 DH,2025,7000,Diesel,Automatique,N/A,N/A
https://www.avito.ma/fr/belvédère/voitures_d_occasion/Volvo_XC60_D5_à_Casablanca_57781990.htm,Volvo XC60 D5 à Casablanca,295000 DH,2018,97000,Diesel,Automatique,N/A,N/A
https://www.avito.ma/fr/ain_sebaa/voitures_d_occasion/Hyundai_Gretta_diesel_boîte_automatique_2017_57713801.htm,Hyundai Gretta diesel boîte automatique 2017,165000 DH,2017,165000,Diesel,Automatique,N/A,N/A
https://www.avito.ma/fr/ain_el_hayani/voitures_d_occasion/AUDI_Q3_SPORTBACK_2026_47907349.htm,AUDI Q3 SPORTBACK 2026,0 DH,2026,5,Diesel,Automatique,N/A,N/A
https://www.avito.ma/fr/yacoub_el_mansour/voitures_d_occasion/CLIO_4___DIESEL_57533521.htm,CLIO 4 - DIESEL,0 DH,2016,140000,Diesel,Manuelle,N/A,N/A
https://www.avito.ma/fr/al_amal/voitures_d_occasion/Nissan_Qashqai_57740862.htm,Nissan Qashqai,105000 DH,2009,399999,Diesel,Manuelle,N/A,DESCRIPTION
https://www.avito.ma/fr/safi/voitures_d_occasion/Volkswagen_Touareg_Automatique_siège_cuir_57757457.htm,Volkswagen Touareg Automatique siège cuir,0 DH,2019,176000,Diesel,Automatique,N/A,N/A
https://www.avito.ma/fr/autre_secteur/voitures_d_occasion/KIA___KIA_Sportage_57796295.htm,KIA - KIA Sportage,350000 DH,2023,89000,Diesel,Automatique,N/A,N/A
https://www.avito.ma/fr/aviation/voitures_d_occasion/Peugeot_206_plus_Essence_1_1L_56811374.htm,Peugeot 206 plus Essence 1.1L,59000 DH,2010,161944,Essence,Manuelle,N/A,N/A
https://www.avito.ma/fr/autre_secteur/voitures_d_occasion/Audi_Q5_Diesel_Automatique_2015_49332603.htm,Audi Q5 Diesel Automatique 2015,245000 DH,2015,177000,Diesel,Automatique,N/A,N/A
https://www.avito.ma/fr/agdal/voitures_d_occasion/Volkswagen_Tiguan_R_Line_200CV_57729302.htm,Volkswagen Tiguan R-Line 200CV,820000 DH,2026,28,Diesel,Automatique,N/A,N/A
https://www.avito.ma/fr/al_kodia/voitures_d_occasion/Dacia_Sandero_57796062.htm,Dacia Sandero,63000 DH,2009,200000,Essence,Manuelle,N/A,N/A
https://www.avito.ma/fr/autre_secteur/voitures_d_occasion/Audi_Q3_modèle_2021_dédouanée_2026_51022331.htm,Audi Q3 modèle 2021 dédouanée 2026,0 DH,2021,130000,Diesel,Automatique,N/A,
https://www.avito.ma/fr/marrakech/voitures_d_occasion/Opel_Corsa_Diesel_Manuelle_2023_à_Marrakech_57767327.htm,Opel Corsa Diesel Manuelle 2023 à Marrakech,158000 DH,2023,62000,Diesel,Manuelle,N/A,N/A
https://www.avito.ma/fr/ain_sebaa/voitures_d_occasion/Skoda_Kodiaq_57610436.htm,Skoda Kodiaq,235000 DH,2020,225000,Diesel,Automatique,N/A,DESCRIPTION
https://www.avito.ma/fr/autre_secteur/voitures_d_occasion/Kia_Sportage_2022_51026041.htm,Kia Sportage 2022,0 DH,2022,110000,Diesel,Automatique,N/A,N/A
https://www.avito.ma/fr/ain_sebaa/voitures_d_occasion/Nissan_Juke_1_0_DIG_T_117_DCT_Tekna_57304848.htm,Nissan Juke 1.0 DIG-T 117 DCT Tekna,232000 DH,2023,82300,Essence,Automatique,N/A,N/A
https://www.avito.ma/fr/autre_secteur/voitures_d_occasion/vw_tiguan_2021_57575240.htm,vw tiguan 2021,0 DH,2021,145000,Diesel,Automatique,N/A,N/A
https://www.avito.ma/fr/abdelmoumen/voitures_d_occasion/Range_Rover_Dynamic_Sport_2021_Diesel___Automatique_57708818.htm,Range Rover Dynamic Sport 2021 Diesel - Automatique,515000 DH,2021,107000,Diesel,Automatique,N/A,N/A
https://www.avito.ma/fr/autre_secteur/voitures_d_occasion/Volkswagen_passat_11_2021_automatique_57002945.htm,Volkswagen passat 11/2021 automatique,0 DH,2021,140000,Diesel,Automatique,N/A,N/A
https://www.avito.ma/fr/belvédère/voitures_d_occasion/CITROËN_C4_DIESEL_MANUELLE_57740092.htm,CITROËN C4 DIESEL MANUELLE,128000 DH,2016,76000,Diesel,Manuelle,N/A,N/A
https://www.avito.ma/fr/saknia/voitures_d_occasion/Palio_99_tout_est_payé_prix_2_millions_160_mille_57796665.htm,Palio 99 tout est payé prix 2 millions 160 mille,300000 DH,1999,1111,Essence,Manuelle,N/A,N/A
https://www.avito.ma/fr/centre_ville/voitures_d_occasion/Volkswagen_Tiguan_Rline_amplificateur_modèle_2013_56730992.htm,Volkswagen Tiguan Rline amplificateur modèle 2013,0 DH,2013,230,Diesel,Automatique,N/A,
https://www.avito.ma/fr/touilaa/voitures_d_occasion/Audi_A5_à_vendre_57474282.htm,Audi A5 à vendre,140000 DH,2011,250000,Diesel,Automatique,N/A,N/A
https://www.avito.ma/fr/jawhara/voitures_d_occasion/Hyundai_Tucson_Diesel_Manuelle_2019_à_El_Jadida_57719030.htm,Hyundai Tucson Diesel Manuelle 2019 à El Jadida,0 DH,2019,85000,Diesel,Manuelle,N/A,N/A
https://www.avito.ma/fr/centre/voitures_d_occasion/PEUGEOT_208_ACTIVE_1_6_HDI_6CV_2023_TTOPTIONS_57092666.htm,PEUGEOT 208 ACTIVE 1.6 HDI 6CV 2023 TTOPTIONS,148000 DH,2023,139000,Diesel,Manuelle,N/A,N/A
https://www.avito.ma/fr/el_houda/voitures_d_occasion/STARTOP_AGADIR_met_en_vente_BMW_Série_5_Diesel_Automatique_2024_à_Agadir_57776673.htm,STARTOP AGADIR met en vente BMW Série 5 Diesel Automatique 2024 à Agadir,0 DH,2024,48000,Diesel,Automatique,N/A,N/A
https://www.avito.ma/fr/route_ain_chkaf/voitures_d_occasion/Citroën_Berlingo_Diesel_Manuelle_2022_à_Fès_57698768.htm,Citroën Berlingo Diesel Manuelle 2022 à Fès,162000 DH,2022,80200,Diesel,Manuelle,N/A,N/A
https://www.avito.ma/fr/sidi_moumen/voitures_d_occasion/Hyundai_H100_57796257.htm,Hyundai H100,102000 DH,2008,500000,Diesel,Manuelle,N/A,DESCRIPTION
https://www.avito.ma/fr/abdelmoumen/voitures_d_occasion/Jaguar_XF___2020_57777627.htm,Jaguar XF - 2020,0 DH,2020,100000,Diesel,Automatique,N/A,N/A
https://www.avito.ma/fr/centre/voitures_d_occasion/RENAULT_CLIO_4_1_5_DCI_BUSINESS_6cv_2020_56113908.htm,RENAULT CLIO 4 1.5 DCI BUSINESS 6cv 2020,108000 DH,2020,200000,Diesel,Manuelle,N/A,N/A
https://www.avito.ma/fr/hivernage/voitures_d_occasion/Mercedes_Benz_Classe_ML_Diesel_Automatique_2009_57723455.htm,Mercedes-Benz Classe ML Diesel Automatique 2009,0 DH,2009,178000,Diesel,Automatique,N/A,N/A
https://www.avito.ma/fr/autre_secteur/voitures_d_occasion/KIA___FORD_Kuga_57675125.htm,KIA - FORD Kuga,255000 DH,2021,89772,Diesel,Manuelle,N/A,N/A
https://www.avito.ma/fr/el_houda/voitures_d_occasion/TIGUAN_R_LINE_MOD_12_22_DÉDOUANER_26_57732938.htm,TIGUAN R-LINE MOD 12/22 DÉDOUANER 26,440000 DH,2022,150000,Diesel,Automatique,N/A,N/A
https://www.avito.ma/fr/autre_secteur/voitures_d_occasion/Renault_Talisman_Diesel_Automatique_2021_à_Temara_57691519.htm,Renault Talisman Diesel Automatique 2021 à Temara,0 DH,2021,72000,Diesel,Automatique,N/A,N/A
https://www.avito.ma/fr/hay_riad/voitures_d_occasion/ABARTH_124_SPIDER_Essence_Manuelle_2017_57180569.htm,ABARTH 124 SPIDER Essence Manuelle 2017,135000 DH,2017,85000,Essence,Manuelle,N/A,N/A
https://www.avito.ma/fr/ain_sebaa/voitures_d_occasion/Hyundai_Tucson_diesel_boîte_automatique_57631791.htm,Hyundai Tucson diesel boîte automatique,250000 DH,2023,94000,Diesel,Automatique,N/A,N/A
https://www.avito.ma/fr/2_mars/voitures_d_occasion/Touareg_diesl_56223315.htm,Touareg diesl,119000 DH,2013,300000,Diesel,Automatique,N/A,N/A
https://www.avito.ma/fr/centre_ville/voitures_d_occasion/Megane_4_Full_Option_57594812.htm,Megane 4 Full Option,210000 DH,2020,140000,Diesel,Automatique,N/A,N/A
https://www.avito.ma/fr/hay_riad/voitures_d_occasion/Mitsubishi_L200_Double_Cabine_2020_39000_km_Rabat_57347974.htm,Mitsubishi L200 Double Cabine 2020 39000 km Rabat,199000 DH,2020,39000,Diesel,Manuelle,N/A,N/A
https://www.avito.ma/fr/centre/voitures_d_occasion/VW_PASSAT_2_0_TDI_177_AUTOMATIC_2022_TTOPTIONS_57566528.htm,VW PASSAT 2.0 TDI 177 AUTOMATIC 2022 TTOPTIONS,268000 DH,2022,129000,Diesel,Automatique,N/A,N/A
https://www.avito.ma/fr/centre/voitures_d_occasion/Mercedes_benz_classe_c220_pack_amg_line_plus_57542925.htm,Mercedes-benz classe c220 pack amg line plus,0 DH,2018,180000,Diesel,Automatique,N/A,N/A
https://www.avito.ma/fr/aïn_diab/voitures_d_occasion/JEEP_WRANGLER_4XE______2024__Dédouanée_2025__57473093.htm,JEEP WRANGLER 4XE 🔋 | 2024 (Dédouanée 2025),0 DH,2024,35000,Hybride,Automatique,N/A,N/A
https://www.avito.ma/fr/autre_secteur/voitures_d_occasion/KIA___KIA_Ceed_57796445.htm,KIA - KIA Ceed,199000 DH,2020,110364,Diesel,Automatique,N/A,N/A
https://www.avito.ma/fr/route_ain_chkaf/voitures_d_occasion/Kia_sportage_Diesel_automatique_57544928.htm,Kia sportage Diesel automatique,219000 DH,2021,94000,Diesel,Automatique,N/A,N/A
https://www.avito.ma/fr/hay_riad/voitures_d_occasion/Hyundai_Santa_Fe_2_2_Diesel_automatique_2019_57780064.htm,Hyundai Santa Fe 2.2 Diesel automatique 2019,220000 DH,2019,194000,Diesel,Automatique,N/A,N/A
https://www.avito.ma/fr/autre_secteur/voitures_d_occasion/Ford_Fiesta_57651386.htm,Ford Fiesta,160000 DH,2021,34000,Diesel,Manuelle,N/A,N/A
https://www.avito.ma/fr/centre_ville/voitures_d_occasion/Land_Rover_Range_Rover_Evoque_Diesel_Automatique_57079148.htm,Land Rover Range Rover Evoque Diesel Automatique,0 DH,2023,90000,Diesel,Automatique,N/A,N/A
https://www.avito.ma/fr/centre_ville/voitures_d_occasion/0657802635_57796101.htm,0657802635,0 DH,2013,999999,Diesel,Manuelle,N/A,N/A
https://www.avito.ma/fr/autre_secteur/voitures_d_occasion/KIA___KIA_Sportage_57675131.htm,KIA - KIA Sportage,300000 DH,2024,49000,Diesel,Automatique,N/A,N/A
https://www.avito.ma/fr/administratif/voitures_d_occasion/TOYOTA_YARIS_CROSS_HYBRID_57415293.htm,TOYOTA YARIS CROSS HYBRID,0 DH,2024,60000,Hybride,Automatique,N/A,N/A
https://www.avito.ma/fr/hay_riad/voitures_d_occasion/MERCEDES_CLASSE_E_Diesel_Automatique_2021_56969852.htm,MERCEDES CLASSE E Diesel Automatique 2021,620000 DH,2021,62000,Diesel,Automatique,N/A,N/A
https://www.avito.ma/fr/sidi_maarouf/voitures_d_occasion/Ford_Mustang_Essence_Automatique_2024_à_Casablanca_57646626.htm,Ford Mustang Essence Automatique 2024 à Casablanca,0 DH,2024,26600,Essence,Automatique,N/A,N/A
https://www.avito.ma/fr/californie/voitures_d_occasion/Renault_Megane_4_Sedan_1_5_dCi_115_AT_Equilibre_57654396.htm,Renault Megane 4 Sedan 1.5 dCi 115 AT Equilibre,193000 DH,2021,125000,Diesel,Automatique,N/A,N/A
https://www.avito.ma/fr/hay_riad/voitures_d_occasion/Mercedes_Gle350de___4Matic_55738959.htm,Mercedes Gle350de - 4Matic,0 DH,2022,128000,Hybride,Automatique,N/A,N/A
https://www.avito.ma/fr/sidi_othmane/voitures_d_occasion/Nissan_Juke_TECNA_Essence_Automatique_caca_57451338.htm,Nissan Juke TECNA Essence Automatique caca,0 DH,2023,32000,Essence,Automatique,N/A,DESCRIPTION
https://www.avito.ma/fr/wilaya/voitures_d_occasion/BMW_X4_pack_M_57752840.htm,BMW X4 pack M,450000 DH,2019,167000,Diesel,Automatique,N/A,N/A
https://www.avito.ma/fr/route_ain_chkaf/voitures_d_occasion/Jeep_compass_limited_diesel_2024_1ère_main_57483384.htm,Jeep compass limited diesel 2024 1ère main,243000 DH,2024,71000,Diesel,Manuelle,N/A,N/A
https://www.avito.ma/fr/centre/voitures_d_occasion/Golf_6_très_propre_57796536.htm,Golf 6 très propre,113000 DH,2011,274,Diesel,Manuelle,N/A,N/A
https://www.avito.ma/fr/aïn_chock/voitures_d_occasion/Cupra_Leon_Cooper_2024_55832459.htm,Cupra Leon Cooper 2024,0 DH,2024,90000,Diesel,Automatique,N/A,N/A
https://www.avito.ma/fr/autre_secteur/voitures_d_occasion/Dacia_Sandero_57683334.htm,Dacia Sandero,148000 DH,2022,70000,Diesel,Manuelle,N/A,N/A
https://www.avito.ma/fr/autre_secteur/voitures_d_occasion/Volvo_S90_Diesel_Automatique_2021_57766620.htm,Volvo S90 Diesel Automatique 2021,0 DH,2021,140000,Diesel,Automatique,N/A,N/A
https://www.avito.ma/fr/autre_secteur/voitures_d_occasion/BMW_X3_2016_2l_diesel_57795920.htm,BMW X3 2016 2l diesel,0 DH,2016,180000,Diesel,Automatique,N/A,N/A
https://www.avito.ma/fr/sidi_ghanem/voitures_d_occasion/Mercedes_Benz_Classe_ML_Diesel_Automatique_2010_57012118.htm,Mercedes-Benz Classe ML Diesel Automatique 2010,0 DH,2010,200000,Diesel,Automatique,N/A,N/A
https://www.avito.ma/fr/centre_ville/voitures_d_occasion/Kia_Sportage_Diesel_Automatique_2025_à_Nador_57749965.htm,Kia Sportage Diesel Automatique 2025 à Nador,0 DH,2025,42500,Diesel,Automatique,N/A,N/A
https://www.avito.ma/fr/oulfa/voitures_d_occasion/Hyundai_i20_modèle_2013_57510070.htm,Hyundai i20 modèle 2013,85000 DH,2013,190000,Diesel,Manuelle,N/A,
https://www.avito.ma/fr/agdal/voitures_d_occasion/Opel_Astra_2020_BVA_57772258.htm,Opel Astra 2020 BVA,165000 DH,2020,170000,Diesel,Automatique,N/A,N/A
https://www.avito.ma/fr/tétouan/voitures_d_occasion/Jeep_Renegade_Diesel_Automatique_2017_à_Tétouan_57791079.htm,Jeep Renegade Diesel Automatique 2017 à Tétouan,172000 DH,2017,220000,Diesel,Automatique,N/A,N/A
https://www.avito.ma/fr/maarif/voitures_d_occasion/BMW_Série_5_modèle_2012_57771668.htm,BMW Série 5 modèle 2012,150000 DH,2012,290000,Diesel,Automatique,N/A,
https://www.avito.ma/fr/californie/voitures_d_occasion/Alfa_Roméo_stilveo__57333998.htm,Alfa Roméo stilveo,198000 DH,2020,160000,Diesel,Automatique,N/A,N/A
https://www.avito.ma/fr/mozart/voitures_d_occasion/Land_Rover_Discovery_Sport_fin_2020_57708886.htm,Land Rover Discovery Sport fin 2020,290000 DH,2020,106000,Diesel,Automatique,N/A,N/A
https://www.avito.ma/fr/drissia/voitures_d_occasion/NISSAN_JUKE_TEKNA_CVT_2024_31000_KM_AVEC_GARANTIE_57774496.htm,NISSAN JUKE TEKNA CVT 2024 31000 KM AVEC GARANTIE,228000 DH,2024,31000,Essence,Automatique,N/A,N/A
https://www.avito.ma/fr/bourgogne/voitures_d_occasion/Mercedes_Benz_EQS_450_plus_Electrique_57585499.htm,Mercedes-Benz EQS 450 plus Electrique,0 DH,2023,50000,Electrique,Automatique,N/A,N/A
https://www.avito.ma/fr/zone_industrielle_moulay_rachid/voitures_d_occasion/Citroën_Berlingo_Diesel_Manuelle_2012_à_Casablanca_57795958.htm,Citroën Berlingo Diesel Manuelle 2012 à Casablanca,113000 DH,2012,200000,Diesel,Manuelle,N/A,N/A
https://www.avito.ma/fr/tilila/voitures_d_occasion/Dacia_Logan_essence_possible_échange_57596511.htm,Dacia Logan essence possible échange,55000 DH,2010,240000,Essence,Manuelle,N/A,N/A
https://www.avito.ma/fr/anfa/voitures_d_occasion/Bentley_Continental_Hybride_Automatique_2026_57763273.htm,Bentley Continental Hybride Automatique 2026,0 DH,2026,0,Hybride,Automatique,N/A,N/A
https://www.avito.ma/fr/autre_secteur/voitures_d_occasion/3008_Allure_Diesel_2017___Très_bon_état_57749783.htm,3008 Allure Diesel 2017 – Très bon état,190000 DH,2017,150000,Diesel,Manuelle,N/A,N/A
https://www.avito.ma/fr/autre_secteur/voitures_d_occasion/KIA___KIA_K2500_57796440.htm,KIA - KIA K2500,250000 DH,2021,55300,Diesel,Manuelle,N/A,N/A
https://www.avito.ma/fr/les_orangers/voitures_d_occasion/Vente_Honda_CRV_57757286.htm,Vente Honda CRV,250000 DH,2017,162000,Diesel,Automatique,N/A,N/A
https://www.avito.ma/fr/centre_ville/voitures_d_occasion/Jeep_Cherokee_Diesel_Automatique_2016_57552514.htm,Jeep Cherokee Diesel Automatique 2016,158000 DH,2016,164000,Diesel,Automatique,N/A,N/A
https://www.avito.ma/fr/dar_bouazza/voitures_d_occasion/Audi_Q5_Diesel_Automatique_2021_à_Dar_Bouazza_57035933.htm,Audi Q5 Diesel Automatique 2021 à Dar Bouazza,0 DH,2021,130000,Diesel,Automatique,N/A,N/A
https://www.avito.ma/fr/ville_verte/voitures_d_occasion/BMW_X3_Diesel_Automatique_2019_à_Bouskoura_57787192.htm,BMW X3 Diesel Automatique 2019 à Bouskoura,0 DH,2019,200000,Diesel,Automatique,N/A,N/A
https://www.avito.ma/fr/la_siesta/voitures_d_occasion/Audi_A5_Sline_57656803.htm,Audi A5 Sline,300000 DH,2019,218767,Diesel,Automatique,N/A,N/A
https://www.avito.ma/fr/autre_secteur/voitures_d_occasion/Mercedes_Benz_C220_AMG_Automatique_2022_57621278.htm,Mercedes-Benz C220 AMG Automatique 2022,0 DH,2022,86000,Diesel,Automatique,N/A,N/A
https://www.avito.ma/fr/quartier_du_soleil/voitures_d_occasion/Duster_2x4_diesel_manuelle_57717379.htm,Duster 2x4 diesel manuelle,172000 DH,2022,98000,Diesel,Manuelle,N/A,N/A
https://www.avito.ma/fr/massira_1/voitures_d_occasion/Kia_Seltos_Diesel_Automatique_2021_à_Marrakech_57795965.htm,Kia Seltos Diesel Automatique 2021 à Marrakech,218000 DH,2021,129000,Diesel,Automatique,N/A,N/A
https://www.avito.ma/fr/autre_secteur/voitures_d_occasion/Peugeot_3008_57764038.htm,Peugeot 3008,280000 DH,2022,65000,Diesel,Manuelle,N/A,N/A
https://www.avito.ma/fr/abbadi/voitures_d_occasion/Hyundai_Accent_Automatique_57723826.htm,Hyundai Accent Automatique,139000 DH,2021,114250,Diesel,Automatique,N/A,DESCRIPTION
https://www.avito.ma/fr/ben_souda/voitures_d_occasion/Tiguen_diwana_2023_57401339.htm,Tiguen diwana 2023,255000 DH,2019,175000,Diesel,Automatique,N/A,DESCRIPTION
https://www.avito.ma/fr/guich_oudaya/voitures_d_occasion/Dacia_Duster_2024_57719459.htm,Dacia Duster 2024,195000 DH,2024,40000,Diesel,Automatique,N/A,DESCRIPTION
https://www.avito.ma/fr/hay_zaytoun/voitures_d_occasion/Hyundai_i30_2011___1_mai_57335970.htm,Hyundai i30 2011 / 1 mai,115000 DH,2011,180000,Diesel,Manuelle,N/A,N/A
https://www.avito.ma/fr/centre_ville/voitures_d_occasion/Mercedes_Classe_S400d_2021_57084019.htm,Mercedes Classe S400d 2021,0 DH,2021,72000,Diesel,Automatique,N/A,DESCRIPTION
https://www.avito.ma/fr/souissi/voitures_d_occasion/Land_Rover_Range_Rover_Sport_Diesel_Automatique_57252650.htm,Land Rover Range Rover Sport Diesel Automatique,498000 DH,2019,95000,Diesel,Automatique,N/A,N/A
https://www.avito.ma/fr/oasis/voitures_d_occasion/Porsche_Cayenne_Coupé_Sport_Design_à_Casablanca_49815514.htm,Porsche Cayenne Coupé Sport Design à Casablanca,0 DH,2020,96000,Hybride,Automatique,N/A,N/A
https://www.avito.ma/fr/autre_secteur/voitures_d_occasion/Mercedes_GLC_300de_année_2021_dédouané_2026_51026441.htm,Mercedes GLC 300de année 2021 dédouané 2026,0 DH,,120000,Diesel,Automatique,N/A,N/A
https://www.avito.ma/fr/2_mars/voitures_d_occasion/Lexus_UX_Hybride_Automatique_2021_à_Casablanca_57372527.htm,Lexus UX Hybride Automatique 2021 à Casablanca,290000 DH,2021,80000,Hybride,Automatique,N/A,N/A
https://www.avito.ma/fr/el_houda/voitures_d_occasion/DACIA_LOGAN_2019_prestige_57733097.htm,DACIA LOGAN 2019 prestige,130000 DH,2019,140000,Diesel,Manuelle,N/A,N/A
https://www.avito.ma/fr/maarif/voitures_d_occasion/Mercedes_Benz_Classe_GLC_Diesel_Automatique_2023_57397728.htm,Mercedes-Benz Classe GLC Diesel Automatique 2023,0 DH,2023,45000,Diesel,Automatique,N/A,N/A
https://www.avito.ma/fr/route_de_sefrou/voitures_d_occasion/Geely_Coolray_56182789.htm,Geely Coolray,0 DH,2025,0,Essence,Automatique,N/A,N/A
https://www.avito.ma/fr/ain_sebaa/voitures_d_occasion/Toyota_C_HR_1_8_Hybride_122_Dynamic_57306036.htm,Toyota C-HR 1.8 Hybride 122 Dynamic,213000 DH,2021,73629,Hybride,Automatique,N/A,N/A
https://www.avito.ma/fr/borj/voitures_d_occasion/Peugeot_406_couleur_bleue_57796621.htm,Peugeot 406 couleur bleue,45000 DH,1998,200000,Diesel,Manuelle,N/A,N/A
https://www.avito.ma/fr/autre_secteur/voitures_d_occasion/Mercedes_Benz_Classe_A_Diesel_Automatique_2019_57120976.htm,Mercedes-Benz Classe A Diesel Automatique 2019,0 DH,2019,120000,Diesel,Automatique,N/A,N/A
https://www.avito.ma/fr/aïn_chock/voitures_d_occasion/CITROEN_C5_AIRCROSS_Diesel_Manuelle_2021_56969604.htm,CITROEN C5 AIRCROSS Diesel Manuelle 2021,180000 DH,2021,126467,Diesel,Manuelle,N/A,N/A
https://www.avito.ma/fr/aharrarine/voitures_d_occasion/Voiture_bon_état_DFSK_K01h_57796594.htm,Voiture bon état DFSK-K01h,88000 DH,2023,9378,Essence,Manuelle,N/A,N/A
https://www.avito.ma/fr/hay_salam/voitures_d_occasion/Peugeot_2008_Manuel_2022_57486028.htm,Peugeot 2008 Manuel 2022,0 DH,2022,70000,Diesel,Manuelle,N/A,N/A
https://www.avito.ma/fr/hamria/voitures_d_occasion/Dacia_Dokker_à_vendre_57795568.htm,Dacia Dokker à vendre,145000 DH,2019,122,Diesel,Manuelle,N/A,N/A
https://www.avito.ma/fr/ain_el_hayani/voitures_d_occasion/MERCEDES_GLC_300d_coupé_2026_DIESEL_52994163.htm,MERCEDES GLC 300d coupé 2026 DIESEL,0 DH,2026,0,Diesel,Automatique,N/A,N/A
https://www.avito.ma/fr/autre_secteur/voitures_d_occasion/KIA___KIA_K5_57655650.htm,KIA - KIA K5,320000 DH,2023,30885,Hybride,Automatique,N/A,N/A
https://www.avito.ma/fr/agdal/voitures_d_occasion/Touareg_diesel_full_options_sauf_le_toit_57796014.htm,Touareg diesel full options sauf le toit,0 DH,2022,164000,Diesel,Automatique,N/A,N/A
https://www.avito.ma/fr/centre_ville/voitures_d_occasion/Volkswagen_Touran_Diesel_Automatique_2017_à_Oujda_57719497.htm,Volkswagen Touran Diesel Automatique 2017 à Oujda,0 DH,2017,170000,Diesel,Automatique,N/A,N/A
https://www.avito.ma/fr/ain_sebaa/voitures_d_occasion/Jaguar_E_Pace_diesel_57620586.htm,Jaguar E-Pace diesel,280000 DH,2020,56000,Diesel,Automatique,N/A,N/A
https://www.avito.ma/fr/mozart/voitures_d_occasion/Mini_cooper_SD_diesel_manuel_2015_diwana_____57455343.htm,Mini cooper SD diesel manuel 2015 diwana🇩🇪,175000 DH,2015,110000,Diesel,Manuelle,N/A,N/A
https://www.avito.ma/fr/taourirt/voitures_d_occasion/KIA_STONIC_1_0_T_GTI_57516460.htm,KIA STONIC 1.0 T-GTI,155000 DH,2019,100100,Essence,Manuelle,N/A,N/A
https://www.avito.ma/fr/autre_secteur/voitures_d_occasion/Audi_Q5_Diesel_Automatique_2021_à_Marrakech_57421691.htm,Audi Q5 Diesel Automatique 2021 à Marrakech,0 DH,2021,110000,Diesel,Automatique,N/A,N/A
https://www.avito.ma/fr/founty/voitures_d_occasion/Volkswagen_Caddy_Diesel_Manuelle_2023_à_Agadir_57691309.htm,Volkswagen Caddy Diesel Manuelle 2023 à Agadir,0 DH,2023,103000,Diesel,Manuelle,N/A,N/A
https://www.avito.ma/fr/centre_ville/voitures_d_occasion/Renault_Megane_Full_Option_57448068.htm,Renault Megane Full Option,210000 DH,2020,140000,Diesel,Automatique,N/A,N/A
https://www.avito.ma/fr/quartier_du_soleil/voitures_d_occasion/208_essence_manuelle_57619764.htm,208 essence manuelle,122000 DH,2022,98000,Essence,Manuelle,N/A,N/A
https://www.avito.ma/fr/boustane/voitures_d_occasion/Audi_Q5_Diesel_Automatique_2026_à_Oujda_57791561.htm,Audi Q5 Diesel Automatique 2026 à Oujda,0 DH,2026,0,Diesel,Automatique,N/A,N/A
https://www.avito.ma/fr/ain_sebaa/voitures_d_occasion/Megane_4_automatique_attens_57497931.htm,Megane 4 automatique attens,176000 DH,2020,128000,Diesel,Automatique,N/A,N/A
https://www.avito.ma/fr/californie/voitures_d_occasion/Peugeot_301_modèle_2021_53619388.htm,Peugeot 301 modèle 2021,125000 DH,2021,95000,Diesel,Manuelle,N/A,
https://www.avito.ma/fr/2_mars/voitures_d_occasion/Chevrolet_Aveo_essence_56146280.htm,Chevrolet Aveo essence,39000 DH,2005,240000,Essence,Manuelle,N/A,N/A
https://www.avito.ma/fr/ville_nouvelle/voitures_d_occasion/Skoda_Fabia_Essence_Automatique_2025_à_Safi_57796057.htm,Skoda Fabia Essence Automatique 2025 à Safi,0 DH,2025,16000,Essence,Automatique,N/A,N/A
https://www.avito.ma/fr/aïn_chock/voitures_d_occasion/Hyundai_Santa_Fe_Diesel_Automatique_2022_57571190.htm,Hyundai Santa Fe Diesel Automatique 2022,350000 DH,2022,107000,Diesel,Automatique,N/A,DESCRIPTION
https://www.avito.ma/fr/hay_al_hassani/voitures_d_occasion/Dacia_Sandero_Diesel_Manuelle_2025_à_Marrakech_57143103.htm,Dacia Sandero Diesel Manuelle 2025 à Marrakech,148000 DH,2025,35000,Diesel,Manuelle,N/A,N/A
https://www.avito.ma/fr/aïn_chock/voitures_d_occasion/Range_Rover_Evoque_HSE_Fin_2018_État_impeccable_56600926.htm,Range Rover Evoque HSE Fin 2018 État impeccable,265000 DH,2018,128000,Diesel,Automatique,N/A,N/A
https://www.avito.ma/fr/autre_secteur/voitures_d_occasion/KIA___CITROËN_C3_57796571.htm,KIA - CITROËN C3,155000 DH,2021,60000,Diesel,Manuelle,N/A,N/A
https://www.avito.ma/fr/ain_el_hayani/voitures_d_occasion/AUDI_RSQ8_2024_47854604.htm,AUDI RSQ8 2024,0 DH,2024,30000,Essence,Automatique,N/A,N/A
https://www.avito.ma/fr/route_de_sefrou/voitures_d_occasion/Camions_Forland_2_2_T_3_4_T_3_5_T_et_9_tonnes_56191686.htm,"Camions Forland 2,2 T 3,4 T 3,5 T et 9 tonnes",100000 DH,2025,0,Diesel,Manuelle,N/A,N/A
https://www.avito.ma/fr/centre/voitures_d_occasion/Range_Sport_autobiography_importée_54116622.htm,Range Sport autobiography importée,0 DH,2012,180,Diesel,Automatique,N/A,N/A
https://www.avito.ma/fr/aïn_chock/voitures_d_occasion/Porsche_Cayenne_Hybride_Automatique_2020_57423488.htm,Porsche Cayenne Hybride Automatique 2020,0 DH,2020,90000,Hybride,Automatique,N/A,N/A
https://www.avito.ma/fr/hay_el_boughaz/voitures_d_occasion/Peugeot_308_57738892.htm,Peugeot 308,188000 DH,2020,75000,Diesel,Automatique,N/A,N/A
https://www.avito.ma/fr/route_d_immouzere/voitures_d_occasion/Tucson_2023_57796324.htm,Tucson 2023,270000 DH,2023,71000,Diesel,Automatique,N/A,N/A
https://www.avito.ma/fr/al_aroui/voitures_d_occasion/Kia_sportage_56068384.htm,Kia-sportage,75000 DH,2007,320000,Diesel,Manuelle,N/A,N/A
https://www.avito.ma/fr/autre_secteur/voitures_d_occasion/Geely_GX3_Pro_Luxe_57795910.htm,Geely GX3 Pro Luxe,138000 DH,2024,24000,Essence,Automatique,N/A,N/A
https://www.avito.ma/fr/souk_el_arbaa/voitures_d_occasion/Hyundai_Tucson_57796237.htm,Hyundai Tucson,300000 DH,2022,79,Diesel,Automatique,N/A,N/A
https://www.avito.ma/fr/californie/voitures_d_occasion/Discovery_Land_Rover_Diesel_Automatique_2019_57375903.htm,Discovery Land Rover Diesel Automatique 2019,250000 DH,2019,152000,Diesel,Automatique,N/A,N/A
https://www.avito.ma/fr/anfa/voitures_d_occasion/RANGE_ROVER_VOGUE_57278906.htm,RANGE ROVER VOGUE,230000 DH,2015,190000,Diesel,Automatique,N/A,N/A
https://www.avito.ma/fr/berkane/voitures_d_occasion/Ford_Kuga_2l_Titanium_2018_Manuelle_57795563.htm,Ford Kuga 2l Titanium 2018 Manuelle,184000 DH,2018,178000,Diesel,Manuelle,N/A,N/A
https://www.avito.ma/fr/maarif/voitures_d_occasion/Jaguar_F_Type_Essence_Automatique_2020_57766363.htm,Jaguar F-Type Essence Automatique 2020,0 DH,2020,109300,Essence,Automatique,N/A,N/A
https://www.avito.ma/fr/autre_secteur/voitures_d_occasion/Mercedes_classe_a_diesel_57729213.htm,Mercedes classe a diesel,160000 DH,2014,140,Diesel,Automatique,N/A,DESCRIPTION
https://www.avito.ma/fr/2_mars/voitures_d_occasion/BMW_428i_Luxury_Line_57666407.htm,BMW 428i Luxury Line,195000 DH,2014,133000,Essence,Automatique,N/A,N/A
https://www.avito.ma/fr/el_houda/voitures_d_occasion/Skoda_Octavia_2L_1_peinture_57795621.htm,Skoda Octavia 2L 1 peinture,165000 DH,2018,199,Diesel,Manuelle,N/A,DESCRIPTION
https://www.avito.ma/fr/settat/voitures_d_occasion/Skoda_Karoq_Diesel_Automatique_2021_à_Settat_57591062.htm,Skoda Karoq Diesel Automatique 2021 à Settat,0 DH,2021,132000,Diesel,Automatique,N/A,DESCRIPTION
https://www.avito.ma/fr/boustane/voitures_d_occasion/Hyundai_i30_57795930.htm,Hyundai i30,215000 DH,2021,130000,Diesel,Automatique,N/A,N/A
https://www.avito.ma/fr/aïn_borja/voitures_d_occasion/Volkswagen_Caravelle_Diesel_Manuelle_2023_57757288.htm,Volkswagen Caravelle Diesel Manuelle 2023,0 DH,2023,250000,Diesel,Manuelle,N/A,N/A
https://www.avito.ma/fr/massira_1/voitures_d_occasion/Renault_clio_diesel_57782556.htm,Renault clio diesel,120000 DH,2019,132000,Diesel,Automatique,N/A,N/A
https://www.avito.ma/fr/hay_zaytoun/voitures_d_occasion/Volkswagen_caddy_automatique_57491945.htm,Volkswagen caddy automatique,235000 DH,2020,129000,Diesel,Automatique,N/A,N/A
https://www.avito.ma/fr/riviera/voitures_d_occasion/Mercedes_Classe_E_300de_Hybride_diesel_2026_0km_57338083.htm,Mercedes Classe E 300de Hybride diesel 2026 0km,0 DH,2026,0,Diesel,Automatique,N/A,N/A
https://www.avito.ma/fr/route_ain_chkaf/voitures_d_occasion/Skoda_Kodiaq_L_K_full_option_7_places_2021_06_57731327.htm,Skoda Kodiaq L&K full option 7 places 2021/06,329000 DH,2021,97000,Diesel,Automatique,N/A,N/A
https://www.avito.ma/fr/hay_el_fath/voitures_d_occasion/Tiguan_Toit_Panoramique_57282257.htm,Tiguan Toit Panoramique,0 DH,2020,169000,Diesel,Automatique,N/A,N/A
https://www.avito.ma/fr/bourgogne/voitures_d_occasion/Range_Rover_Sport_Autobiographie_2019_1er_Main_57325849.htm,Range Rover Sport Autobiographie 2019 1er Main,398000 DH,2019,130000,Diesel,Automatique,N/A,N/A
https://www.avito.ma/fr/anfa/voitures_d_occasion/PORSCHE_911_TURBO_S_57796262.htm,PORSCHE 911 TURBO S,0 DH,2021,50000,Essence,Automatique,N/A,N/A
https://www.avito.ma/fr/maarif/voitures_d_occasion/Toyota_corolla_diesel_a_vendre__57796316.htm,Toyota corolla diesel a vendre,0 DH,2014,169000,Diesel,Manuelle,N/A,N/A
https://www.avito.ma/fr/ain_sebaa/voitures_d_occasion/Maserati_Quattroporte_____Reprise_possible_57796133.htm,Maserati Quattroporte ... Reprise possible,250000 DH,2014,180000,Diesel,Automatique,N/A,N/A
https://www.avito.ma/fr/ain_sebaa/voitures_d_occasion/Peugeot_3008_Diesel_Automatique_2020_à_Casablanca_57210331.htm,Peugeot 3008 Diesel Automatique 2020 à Casablanca,217000 DH,2020,110000,Diesel,Automatique,N/A,N/A
https://www.avito.ma/fr/maarif/voitures_d_occasion/Volkswagen_Golf_8_GTI_2025_57747600.htm,Volkswagen Golf 8 GTI 2025,375000 DH,2025,16000,Essence,Automatique,N/A,N/A
https://www.avito.ma/fr/bournazil/voitures_d_occasion/Renault_Megane_Diesel_Manuelle_2006_à_Casablanca_57743077.htm,Renault Megane Diesel Manuelle 2006 à Casablanca,81000 DH,2006,299325,Diesel,Manuelle,N/A,N/A
https://www.avito.ma/fr/agdal/voitures_d_occasion/Pajero_sport_7_places_2019_57439210.htm,Pajero sport 7 places 2019,175000 DH,2019,201000,Diesel,Manuelle,N/A,N/A
https://www.avito.ma/fr/el_houda/voitures_d_occasion/Audi_Q3_Diesel_Automatique_2022_à_Agadir_57162621.htm,Audi Q3 Diesel Automatique 2022 à Agadir,0 DH,2022,45000,Diesel,Automatique,N/A,N/A
https://www.avito.ma/fr/belvédère/voitures_d_occasion/Land_Rover_Range_Rover_Velar_Diesel_Automatique_57775178.htm,Land Rover Range Rover Velar Diesel Automatique,0 DH,2020,95000,Diesel,Automatique,N/A,N/A
https://www.avito.ma/fr/mohammedia/voitures_d_occasion/Renault_Clio_Diesel_Automatique_2024_à_Mohammedia_57796297.htm,Renault Clio Diesel Automatique 2024 à Mohammedia,198000 DH,2024,56000,Diesel,Automatique,N/A,N/A
https://www.avito.ma/fr/autre_secteur/voitures_d_occasion/KIA___KIA_Seltos_57796177.htm,KIA - KIA Seltos,259000 DH,2022,53000,Diesel,Automatique,N/A,N/A
https://www.avito.ma/fr/narjis/voitures_d_occasion/Skoda_Octavia_restylée_57710260.htm,Skoda Octavia restylée,285000 DH,2025,8000,Diesel,Automatique,N/A,N/A
https://www.avito.ma/fr/centre_ville/voitures_d_occasion/Opel_Astra_Full_Option_première____57714722.htm,Opel Astra Full Option première ✋️,165000 DH,2021,135000,Diesel,Manuelle,N/A,N/A
https://www.avito.ma/fr/aïn_chock/voitures_d_occasion/Audi_Q5_s_line_2022_dd_2025_56052593.htm,Audi Q5 s line 2022 dd 2025,0 DH,2025,70000,Diesel,Automatique,N/A,N/A
https://www.avito.ma/fr/autre_secteur/voitures_d_occasion/Voiture_à_vendre_57796609.htm,Voiture à vendre,300 DH,2000,500,Essence,Manuelle,N/A,N/A
https://www.avito.ma/fr/les_portes_de_marrakech/voitures_d_occasion/Fiat_500_Automatique_57714248.htm,Fiat 500 Automatique,88000 DH,2017,84000,Essence,Automatique,N/A,N/A
https://www.avito.ma/fr/hay_riad/voitures_d_occasion/Série_2_Toit_panoramique_57282130.htm,Série 2 Toit panoramique,0 DH,2022,112000,Diesel,Automatique,N/A,N/A
https://www.avito.ma/fr/aviation/voitures_d_occasion/Opel_Corsa_diesel_57282062.htm,Opel Corsa diesel,69000 DH,2008,200000,Diesel,Manuelle,N/A,N/A
https://www.avito.ma/fr/administratif/voitures_d_occasion/BMW_X1_Diesel_Automatique_diwna_2020_57543132.htm,BMW X1 Diesel Automatique diwna 2020,0 DH,2016,200000,Diesel,Automatique,N/A,N/A
https://www.avito.ma/fr/anfa/voitures_d_occasion/Audi_Q3_Diesel_Automatique_2026_à_Casablanca_57519066.htm,Audi Q3 Diesel Automatique 2026 à Casablanca,0 DH,2026,0,Diesel,Automatique,N/A,N/A
https://www.avito.ma/fr/deroua/voitures_d_occasion/Opel_Crossland_Elegance_Plus_57796334.htm,Opel Crossland Elegance Plus,190000 DH,2023,37000,Diesel,Manuelle,N/A,N/A
https://www.avito.ma/fr/m_hamid/voitures_d_occasion/Volvo_s60_automatique_56230580.htm,Volvo s60 automatique,145000 DH,2016,200000,Diesel,Automatique,N/A,N/A
https://www.avito.ma/fr/hay_el_fath/voitures_d_occasion/Hyundai_Santa_Fe_Diesel_57716445.htm,Hyundai Santa Fe Diesel,168000 DH,2024,220000,Diesel,Manuelle,N/A,N/A
https://www.avito.ma/fr/kénitra/voitures_d_occasion/Renault_Megane_Diesel_Manuelle_2003_à_Kénitra_57796471.htm,Renault Megane Diesel Manuelle 2003 à Kénitra,62000 DH,2003,250000,Diesel,Manuelle,N/A,N/A
https://www.avito.ma/fr/sefrou/voitures_d_occasion/Nissan_Xtrail_à_vendre_57796485.htm,Nissan Xtrail à vendre,65000 DH,2006,260000,Diesel,Manuelle,N/A,N/A
https://www.avito.ma/fr/autre_secteur/voitures_d_occasion/Peugeot_3008_57764041.htm,Peugeot 3008,190000 DH,2017,118000,Diesel,Automatique,N/A,N/A
https://www.avito.ma/fr/agdal/voitures_d_occasion/Mercedes_classe_c_pack_amg_57796416.htm,Mercedes classe c pack amg,0 DH,2014,280000,Diesel,Automatique,N/A,N/A
https://www.avito.ma/fr/amelkis/voitures_d_occasion/Smart_Fortwo_Cabriolet_Brabus_Électrique_57691636.htm,Smart Fortwo Cabriolet Brabus Électrique,245000 DH,2020,28000,Electrique,Automatique,N/A,N/A
https://www.avito.ma/fr/autre_secteur/voitures_d_occasion/Audi_Q5_S_Line_Automatique_2022_57043621.htm,Audi Q5 S Line Automatique 2022,0 DH,2022,120000,Diesel,Automatique,N/A,N/A
https://www.avito.ma/fr/massira_1/voitures_d_occasion/Opel_Crossland_Automatique_56973675.htm,Opel Crossland Automatique,0 DH,2021,100000,Diesel,Automatique,N/A,N/A
https://www.avito.ma/fr/la_gironde/voitures_d_occasion/BMW_X5_Diesel_Automatique_2017_à_Casablanca_57770350.htm,BMW X5 Diesel Automatique 2017 à Casablanca,0 DH,2017,190760,Diesel,Automatique,N/A,N/A
https://www.avito.ma/fr/californie/voitures_d_occasion/Hyundai_Tucson_Premium_Automatique_2019_57576633.htm,Hyundai Tucson Premium Automatique 2019,215000 DH,2019,130000,Diesel,Automatique,N/A,N/A
https://www.avito.ma/fr/ain_sebaa/voitures_d_occasion/BMW_X3_sDrive_18d_X_Line_57305189.htm,BMW X3 sDrive 18d X Line,429000 DH,2021,83000,Diesel,Automatique,N/A,N/A
https://www.avito.ma/fr/californie/voitures_d_occasion/GLE_53_AMG_TURBO_4MATIC_CARBON_EDITION_57618883.htm,GLE 53 AMG TURBO 4MATIC CARBON EDITION,0 DH,2022,35000,Essence,Automatique,N/A,N/A
https://www.avito.ma/fr/2_mars/voitures_d_occasion/Clio_5_diesel_56732314.htm,Clio 5 diesel,138000 DH,2021,87000,Diesel,Manuelle,N/A,N/A
https://www.avito.ma/fr/khénifra/voitures_d_occasion/Ford_Focus_bonne_occasion_reprise_possible_57795900.htm,Ford Focus bonne occasion reprise possible,77000 DH,2007,241000,Diesel,Manuelle,N/A,N/A
https://www.avito.ma/fr/sbata/voitures_d_occasion/Audi_A3_57752907.htm,Audi A3,209000 DH,2017,123700,Diesel,Automatique,N/A,N/A
https://www.avito.ma/fr/2_mars/voitures_d_occasion/Range_rover_bebe_velar_R_Dynamic_57132922.htm,Range rover bebe velar R Dynamic,0 DH,2023,90000,Diesel,Automatique,N/A,N/A
https://www.avito.ma/fr/bab_fès/voitures_d_occasion/Renault_Express_57796007.htm,Renault Express,150000 DH,2022,80000,Diesel,Manuelle,N/A,N/A
https://www.avito.ma/fr/centre_ville/voitures_d_occasion/1ÈRE_MAIN_JAGUAR_XF_PRESTIGE__entretien_maison__56566618.htm,1ÈRE MAIN JAGUAR XF PRESTIGE (entretien maison),227000 DH,2016,120000,Diesel,Automatique,N/A,N/A
https://www.avito.ma/fr/hay_el_qods/voitures_d_occasion/Skoda_Octavia_Diesel_Manuelle_2023_à_Oujda_57707384.htm,Skoda Octavia Diesel Manuelle 2023 à Oujda,0 DH,2023,80000,Diesel,Automatique,N/A,N/A
https://www.avito.ma/fr/béni_mellal/voitures_d_occasion/Beni_Mellal_57796612.htm,Beni Mellal,170000 DH,2015,300000,Diesel,Manuelle,N/A,N/A
https://www.avito.ma/fr/californie/voitures_d_occasion/Mercedes_Benz_Classe_GLC300de_2026_0Km_57776991.htm,Mercedes-Benz Classe GLC300de 2026 0Km,0 DH,2026,0,Hybride,Automatique,N/A,N/A
https://www.avito.ma/fr/hamria/voitures_d_occasion/GWM_Florid_Cross_Essence_Manuelle_2017_à_Meknès_57795790.htm,GWM Florid Cross Essence Manuelle 2017 à Meknès,76000 DH,2017,121000,Essence,Manuelle,N/A,N/A
https://www.avito.ma/fr/aïn_chock/voitures_d_occasion/Caddy_à_vendre_57766685.htm,Caddy à vendre,0 DH,2020,200000,Diesel,Manuelle,N/A,N/A
https://www.avito.ma/fr/aïn_chock/voitures_d_occasion/Mercedes_Glc_300de_56020886.htm,Mercedes Glc 300de,0 DH,2025,0,Diesel,Automatique,N/A,N/A
https://www.avito.ma/fr/californie/voitures_d_occasion/la_novelle_audi_Q5_sportback_57492617.htm,la novelle audi Q5 sportback,1100000 DH,2026,0,Hybride,Automatique,N/A,N/A
https://www.avito.ma/fr/drissia/voitures_d_occasion/Toyota_Corolla_Hybride_Automatique_2022_à_Tanger_57656670.htm,Toyota Corolla Hybride Automatique 2022 à Tanger,209000 DH,2022,77600,Hybride,Automatique,N/A,N/A
https://www.avito.ma/fr/anfa/voitures_d_occasion/VW_Beetle_2_0_TDI_2020___Toit_Pano___Cuir_Rouge_57791940.htm,VW Beetle 2.0 TDI 2020 - Toit Pano - Cuir Rouge,205000 DH,2020,52000,Diesel,Automatique,N/A,N/A
https://www.avito.ma/fr/californie/voitures_d_occasion/Alfa_Romeo_Giulietta_57085901.htm,Alfa Romeo Giulietta,134000 DH,2016,95000,Diesel,Automatique,N/A,N/A
https://www.avito.ma/fr/ahlane/voitures_d_occasion/Peugeot_3008_2022_Diesel___État_neuf___Très_propre_57787082.htm,Peugeot 3008 2022 Diesel – État neuf – Très propre,245000 DH,2022,170,Diesel,Manuelle,N/A,N/A
https://www.avito.ma/fr/aïn_chock/voitures_d_occasion/Mercedes_CLA_55628326.htm,Mercedes CLA,0 DH,2024,25000,Diesel,Automatique,N/A,N/A
https://www.avito.ma/fr/hay_riad/voitures_d_occasion/Audi_Q8_Diesel_Automatique_2024_à_Rabat_57791085.htm,Audi Q8 Diesel Automatique 2024 à Rabat,0 DH,2024,30000,Diesel,Automatique,N/A,N/A
https://www.avito.ma/fr/2_mars/voitures_d_occasion/Renault_Latitude_Diesel_57170897.htm,Renault Latitude Diesel,94000 DH,2014,185000,Diesel,Automatique,N/A,N/A
https://www.avito.ma/fr/val_fleuri/voitures_d_occasion/Mercedes_GLA_pack_AMG_première_main_52922054.htm,Mercedes GLA pack AMG première main,0 DH,2024,30000,Diesel,Automatique,N/A,N/A
https://www.avito.ma/fr/aviation/voitures_d_occasion/Kia_K5_Hybride_Automatique_2021_à_Rabat_55590166.htm,Kia K5 Hybride Automatique 2021 à Rabat,265000 DH,2021,100000,Hybride,Automatique,N/A,N/A
https://www.avito.ma/fr/californie/voitures_d_occasion/Land_Rover_Range_Rover_Vogue_Diesel_Automatique_54422675.htm,Land Rover Range Rover Vogue Diesel Automatique,0 DH,2019,110000,Diesel,Automatique,N/A,N/A
https://www.avito.ma/fr/californie/voitures_d_occasion/Range_Rover_Vogue_350D_First_Édition_2022_57532745.htm,Range Rover Vogue 350D First Édition 2022,0 DH,2022,95000,Diesel,Automatique,N/A,N/A
https://www.avito.ma/fr/beauséjour/voitures_d_occasion/Volkswagen_T_Roc_57764181.htm,Volkswagen T-Roc,305000 DH,2023,62166,Diesel,Automatique,N/A,N/A
https://www.avito.ma/fr/wilaya/voitures_d_occasion/Mercedes_GLA_2015_D_2019_57605893.htm,Mercedes GLA 2015 D 2019,265000 DH,2015,150000,Diesel,Automatique,N/A,N/A
https://www.avito.ma/fr/bourgogne/voitures_d_occasion/Chery_Tiggo_Pro_Ess_Automatic_2024_km_3000_57634124.htm,Chery Tiggo Pro Ess Automatic 2024 km 3000,129000 DH,2024,30000,Essence,Automatique,N/A,N/A
https://www.avito.ma/fr/targa/voitures_d_occasion/Jeep_grand_cherokee_overland_full_option_55075265.htm,Jeep grand cherokee overland full option,175000 DH,2018,214000,Diesel,Automatique,N/A,N/A
https://www.avito.ma/fr/yacoub_el_mansour/voitures_d_occasion/Mercedes_GLC300_de_AMG_FULL_FULL_OPTION_56545784.htm,Mercedes GLC300 de AMG FULL FULL OPTION,0 DH,2026,0,Hybride,Automatique,N/A,N/A
https://www.avito.ma/fr/sanaoubar/voitures_d_occasion/Mini_Countryman_Automatique_Diesel_57355940.htm,Mini Countryman Automatique Diesel,115000 DH,2013,170000,Diesel,Automatique,N/A,N/A
https://www.avito.ma/fr/al_qods/voitures_d_occasion/Tesla_Model_3_PERFORMANCE_2020_56238409.htm,Tesla Model 3 PERFORMANCE 2020,400000 DH,2020,85000,Electrique,Automatique,N/A,N/A
https://www.avito.ma/fr/californie/voitures_d_occasion/Range_Rover_Evoque_56371205.htm,Range Rover Evoque,198000 DH,2017,130000,Diesel,Automatique,N/A,N/A
https://www.avito.ma/fr/nouaceur/voitures_d_occasion/Belle_voiture_familiale_57796259.htm,Belle voiture familiale,4 DH,2012,131000,Essence,Manuelle,N/A,DESCRIPTION
https://www.avito.ma/fr/centre/voitures_d_occasion/VOLVO_XC40_T5_RECHARGE_HYBRID_PHEV_12_2021_57378668.htm,VOLVO XC40 T5 RECHARGE HYBRID PHEV 12/2021,298000 DH,2021,67000,Hybride,Automatique,N/A,N/A
https://www.avito.ma/fr/anfa/voitures_d_occasion/Tiguan_R_Line_56668500.htm,Tiguan R Line,535000 DH,2025,19900,Diesel,Automatique,N/A,N/A
https://www.avito.ma/fr/roches_noires/voitures_d_occasion/Skoda_Superb_2022_57795963.htm,Skoda Superb 2022,300000 DH,2022,108900,Diesel,Automatique,N/A,N/A
https://www.avito.ma/fr/oulfa/voitures_d_occasion/Toyota_Yaris_Essence_modèle_2019_57710558.htm,Toyota Yaris Essence modèle 2019,105000 DH,2019,160000,Essence,Manuelle,N/A,
https://www.avito.ma/fr/autre_secteur/voitures_d_occasion/KIA___KIA_Niro_57796568.htm,KIA - KIA Niro,229000 DH,2021,46132,Hybride,Automatique,N/A,N/A
https://www.avito.ma/fr/casablanca/voitures_d_occasion/Toyota_C_HR_Hybride_Automatique_2019_à_Casablanca_57796558.htm,Toyota C-HR Hybride Automatique 2019 à Casablanca,205000 DH,2019,70000,Hybride,Automatique,N/A,N/A
https://www.avito.ma/fr/belvédère/voitures_d_occasion/Volvo_S90_D4_fin_2019_à_Casa_57641251.htm,Volvo S90 D4 fin 2019 à Casa,259000 DH,2019,179200,Diesel,Automatique,N/A,N/A
https://www.avito.ma/fr/lissasfa/voitures_d_occasion/BMW_SERIE_5_Diesel_Automatique_2021_57238782.htm,BMW SERIE 5 Diesel Automatique 2021,370000 DH,2021,147501,Diesel,Automatique,N/A,N/A
https://www.avito.ma/fr/2_mars/voitures_d_occasion/Lexus_NX_Hybride_Automatique_2022_à_Casablanca_57712044.htm,Lexus NX Hybride Automatique 2022 à Casablanca,380000 DH,2022,100000,Hybride,Automatique,N/A,N/A
https://www.avito.ma/fr/route_de_sefrou/voitures_d_occasion/Geely_Emgrand_56283486.htm,Geely Emgrand,0 DH,2025,0,Essence,Automatique,N/A,N/A
https://www.avito.ma/fr/autre_secteur/voitures_d_occasion/Bentley_Bentayga_57427684.htm,Bentley Bentayga,1200000 DH,2019,128000,Diesel,Automatique,N/A,N/A
https://www.avito.ma/fr/anfa/voitures_d_occasion/Porsche_Carrera_GT_3__Importée_Neuve__2026_56869617.htm,Porsche Carrera GT 3 (Importée Neuve) 2026,0 DH,2026,0,Essence,Automatique,N/A,N/A
https://www.avito.ma/fr/anfa/voitures_d_occasion/BMW_Série_740d_Pack_M_Xdrive_2026_56778266.htm,BMW Série 740d Pack M Xdrive 2026,0 DH,2025,0,Diesel,Automatique,N/A,N/A
https://www.avito.ma/fr/aïn_chock/voitures_d_occasion/Land_Rover_Range_Rover_bb_velar_Diesel_Automatique_56686416.htm,Land Rover Range Rover bb velar Diesel Automatique,0 DH,2022,90000,Diesel,Automatique,N/A,N/A
https://www.avito.ma/fr/maarif/voitures_d_occasion/Mercedes_Benz_Classe_S_350_cdi_importée_2015_57714494.htm,Mercedes-Benz Classe S 350 cdi importée 2015,0 DH,2015,89400,Diesel,Automatique,N/A,N/A
https://www.avito.ma/fr/ain_sebaa/voitures_d_occasion/Volvo_XC90_R_Design_Reprise_Possible_57796038.htm,Volvo XC90 R-Design Reprise Possible,340000 DH,2018,280000,Diesel,Automatique,N/A,N/A
https://www.avito.ma/fr/centre_ville/voitures_d_occasion/Volkswagen_Tigaun_Pack_R_Line_2019_Excellent_État_54683696.htm,Volkswagen Tigaun Pack R-Line 2019 Excellent État,0 DH,2019,170000,Diesel,Automatique,N/A,N/A
https://www.avito.ma/fr/bourgogne/voitures_d_occasion/Seat_Arona_Diesel_2022_1er_Main_57672657.htm,Seat Arona Diesel 2022 1er Main,163000 DH,2022,78000,Diesel,Manuelle,N/A,N/A
https://www.avito.ma/fr/hay_targa/voitures_d_occasion/Audi_o5_mazout_56864274.htm,Audi o5 mazout,0 DH,2011,190000,Diesel,Automatique,N/A,N/A
https://www.avito.ma/fr/agdal/voitures_d_occasion/Passat_2012_dédouanée_2016_toutes_options_57796591.htm,Passat 2012 dédouanée 2016 toutes options,120000 DH,2012,290000,Diesel,Manuelle,N/A,N/A
https://www.avito.ma/fr/2_mars/voitures_d_occasion/Porsche_Cayenne_Coupé_57783300.htm,Porsche Cayenne Coupé,920000 DH,2021,99000,Hybride,Automatique,N/A,N/A
https://www.avito.ma/fr/californie/voitures_d_occasion/Mercedes_Benz_Classe_A_Diesel_Automatique_2024_57747256.htm,Mercedes-Benz Classe A Diesel Automatique 2024,0 DH,2024,100000,Diesel,Automatique,N/A,N/A
https://www.avito.ma/fr/hay_el_fath/voitures_d_occasion/FORD_MUSTANG_PREMUIM_PLUS_BVA_56790267.htm,FORD MUSTANG PREMUIM PLUS BVA,0 DH,2022,56000,Essence,Automatique,N/A,N/A
https://www.avito.ma/fr/anfa/voitures_d_occasion/Dacia_Duster_Diesel_Automatique_2022_à_Casablanca_57744688.htm,Dacia Duster Diesel Automatique 2022 à Casablanca,175000 DH,2022,99986,Diesel,Automatique,N/A,N/A
https://www.avito.ma/fr/aïn_chock/voitures_d_occasion/Mercedes_Classe_E_2017_importée_neuve_56955169.htm,Mercedes Classe E 2017 importée neuve,335000 DH,2017,170000,Diesel,Automatique,N/A,N/A
https://www.avito.ma/fr/haut_founty/voitures_d_occasion/URGENT_Superbe_Mercedes_GLE_350_2022_83000km_57682884.htm,URGENT Superbe Mercedes GLE 350 2022 83000km,650000 DH,2022,83000,Diesel,Automatique,N/A,N/A
https://www.avito.ma/fr/les_ambassadeurs/voitures_d_occasion/Volkswagen_Passat_CC_Première_Main_57309571.htm,Volkswagen Passat CC Première Main,155000 DH,2013,190000,Diesel,Manuelle,N/A,N/A
https://www.avito.ma/fr/el_houda/voitures_d_occasion/BMW_série5_520d_Diesel_Automatique_2021_à_Agadir_57168864.htm,BMW série5 520d Diesel Automatique 2021 à Agadir,0 DH,2021,160000,Diesel,Automatique,N/A,N/A
https://www.avito.ma/fr/ain_sebaa/voitures_d_occasion/BMW_X2_Diesel_Automatique_2024_à_Casablanca_57327041.htm,BMW X2 Diesel Automatique 2024 à Casablanca,429500 DH,2024,54000,Diesel,Automatique,N/A,N/A
https://www.avito.ma/fr/agdal/voitures_d_occasion/Jeep_Renegade_57795670.htm,Jeep Renegade,180000 DH,2018,194000,Diesel,Automatique,N/A,N/A
https://www.avito.ma/fr/autre_secteur/voitures_d_occasion/MERCEDES_BENZ_GLC_300d_2026_57064196.htm,MERCEDES-BENZ GLC 300d 2026,0 DH,2025,0,Diesel,Automatique,N/A,N/A
https://www.avito.ma/fr/alsace_lorraine/voitures_d_occasion/VOLVO_V40_D2_2_0L_BVM_150k_km_2016_57621935.htm,VOLVO V40 D2 2.0L BVM 150k km 2016,140000 DH,2016,150000,Diesel,Manuelle,N/A,N/A
https://www.avito.ma/fr/agdal/voitures_d_occasion/Volkswagen_Golf_7_GTD_57709315.htm,Volkswagen Golf 7 GTD,235000 DH,2019,130000,Diesel,Automatique,N/A,N/A
https://www.avito.ma/fr/centre/voitures_d_occasion/Toyota_Yaris_1ère_main_57796491.htm,Voitures d'occasion    à vendre au  Maroc : 100011 annonces,N/A,N/A,km km,Diesel Essence Electrique LPG Hybride,Automatique Manuelle,CHOISIR  - MODÈLE CHEVRONRIGHT ICON,CHOISIR MARQUE -  CHEVRONRIGHT ICON
https://www.avito.ma/fr/tanger/voitures_d_occasion/Mercedes_Benz_Classe_S_Essence_Manuelle_2007_57796105.htm,Mercedes-Benz Classe S Essence Manuelle 2007,0 DH,2007,22000,Essence,Manuelle,N/A,N/A
https://www.avito.ma/fr/roches_noires/voitures_d_occasion/RENAULT_KADJAR_Diesel_Manuelle_2017_57076879.htm,RENAULT KADJAR Diesel Manuelle 2017,158000 DH,2017,140000,Diesel,Manuelle,N/A,N/A
https://www.avito.ma/fr/centre_ville/voitures_d_occasion/Renault_Mégane_explore_Diesel_57099632.htm,Renault Mégane explore Diesel,165000 DH,2021,110000,Diesel,Manuelle,N/A,N/A
https://www.avito.ma/fr/inzegan/voitures_d_occasion/Je_mets_en_vente_Skoda_Karoq_modèle_2018_dédouanée_2025_57685874.htm,Je mets en vente Skoda Karoq modèle 2018 dédouanée 2025,275000 DH,2018,160000,Diesel,Automatique,N/A,
https://www.avito.ma/fr/settat/voitures_d_occasion/Peugeot_2008_Diesel_Manuelle_2021_à_Settat_57359928.htm,Peugeot 2008 Diesel Manuelle 2021 à Settat,0 DH,2021,120000,Diesel,Manuelle,N/A,DESCRIPTION
https://www.avito.ma/fr/salé/voitures_d_occasion/Nissan_Note_2016_Très_bon_état____57796489.htm,Nissan Note 2016 Très bon état 🚗,98000 DH,2016,225000,Diesel,Manuelle,N/A,N/A
https://www.avito.ma/fr/nassim/voitures_d_occasion/Citroën_C3_2015_diesel_en_très_bon_état_57696228.htm,Citroën C3 2015 diesel en très bon état,89500 DH,2015,200000,Diesel,Manuelle,N/A,N/A
https://www.avito.ma/fr/m_hamid/voitures_d_occasion/Peugeot_208_Diesel_Manuelle_2020_à_Marrakech_57791297.htm,Peugeot 208 Diesel Manuelle 2020 à Marrakech,117000 DH,2020,141000,Diesel,Manuelle,N/A,N/A
https://www.avito.ma/fr/centre_ville/voitures_d_occasion/CHANGAN_CS55_Plus_1_5_Turbo_181_AT_Exclusive_2024_57159808.htm,CHANGAN CS55 Plus 1.5 Turbo 181 AT Exclusive 2024,270000 DH,2024,11051,Essence,Automatique,N/A,N/A
https://www.avito.ma/fr/maarif/voitures_d_occasion/Mercedes_Benz_Classe_SL_Essence_Automatique_1995_57777463.htm,Mercedes-Benz Classe SL Essence Automatique 1995,0 DH,1995,67000,Essence,Automatique,N/A,N/A
https://www.avito.ma/fr/maarif/voitures_d_occasion/Renault_Trafic_2021_à_Casablanca_57566398.htm,Renault Trafic 2021 à Casablanca,215000 DH,2021,100000,Diesel,Manuelle,N/A,N/A
https://www.avito.ma/fr/wilaya/voitures_d_occasion/T_ROC_R_Line_full_options_57225121.htm,T-ROC R-Line full options,320000 DH,2020,110000,Diesel,Automatique,N/A,N/A
https://www.avito.ma/fr/almaz/voitures_d_occasion/Volkswagen_T_Roc_Diesel_Automatique_2022_56767010.htm,Volkswagen T-Roc Diesel Automatique 2022,0 DH,2022,125000,Diesel,Automatique,N/A,N/A
https://www.avito.ma/fr/ville_nouvelle/voitures_d_occasion/Renault_Clio_5_Modèle_2021_57795783.htm,Renault Clio 5 Modèle 2021,0 DH,2021,105000,Diesel,Manuelle,N/A,
https://www.avito.ma/fr/sidi_moumen/voitures_d_occasion/Voiture_Fiat_Palio_Brésil_57796641.htm,Voiture Fiat Palio Brésil,34000 DH,2005,200000,Diesel,Manuelle,N/A,N/A
https://www.avito.ma/fr/centre_ville/voitures_d_occasion/Audi_Q7_S_Line_V6_Diesel_56345633.htm,Audi Q7 S-Line V6 Diesel,0 DH,2010,260000,Diesel,Automatique,N/A,N/A
https://www.avito.ma/fr/aïn_chock/voitures_d_occasion/Renault_Express_familiale_Métallisé_55740852.htm,Renault Express familiale Métallisé,0 DH,2022,105000,Diesel,Manuelle,N/A,N/A
https://www.avito.ma/fr/zouagha/voitures_d_occasion/Dacia_Logan_57556007.htm,Dacia Logan,0 DH,2023,45000,Diesel,Manuelle,N/A,DESCRIPTION
https://www.avito.ma/fr/route_ain_chkaf/voitures_d_occasion/Volkswagen_TOUAREG_V6_extrême_2018_57553636.htm,Volkswagen TOUAREG V6 extrême 2018,0 DH,2018,137000,Diesel,Automatique,N/A,DESCRIPTION
https://www.avito.ma/fr/aïn_chock/voitures_d_occasion/Porsche_cayenne_56297045.htm,Porsche cayenne,0 DH,2026,6000,Hybride,Automatique,N/A,N/A
https://www.avito.ma/fr/aïn_chock/voitures_d_occasion/CITROËN_C4_PICASSO_7_PLACES_50326392.htm,CITROËN C4 PICASSO 7 PLACES,125000 DH,2015,200000,Diesel,Manuelle,N/A,N/A
https://www.avito.ma/fr/hay_izdihar/voitures_d_occasion/Dacia_Sandero_Stepway_57613029.htm,Dacia Sandero Stepway,0 DH,2024,32000,Diesel,Manuelle,N/A,N/A
https://www.avito.ma/fr/aïn_chock/voitures_d_occasion/Audi_A6_Essence_Automatique_2021_à_Casablanca_57689549.htm,Audi A6 Essence Automatique 2021 à Casablanca,0 DH,2021,60000,Essence,Automatique,N/A,N/A
https://www.avito.ma/fr/boustane/voitures_d_occasion/Mercedes_Benz_Classe_GLC_Hybride_Automatique_2026_57791527.htm,Mercedes-Benz Classe GLC Hybride Automatique 2026,0 DH,2026,0,Hybride,Automatique,N/A,N/A
https://www.avito.ma/fr/el_haddada/voitures_d_occasion/BMW_X3_Diesel_Automatique_2018_à_Kénitra_57247450.htm,BMW X3 Diesel Automatique 2018 à Kénitra,310000 DH,2018,140000,Diesel,Automatique,N/A,N/A
https://www.avito.ma/fr/hay_el_fath/voitures_d_occasion/Fiat_500_automatique_57657613.htm,Fiat 500 automatique,90000 DH,2009,106000,Essence,Automatique,N/A,N/A
https://www.avito.ma/fr/oulfa/voitures_d_occasion/Occasion_à_saisir_57739115.htm,Occasion à saisir,220000 DH,2021,178356,Diesel,Automatique,N/A,N/A
https://www.avito.ma/fr/hay_al_hassani/voitures_d_occasion/Hyundai_Tucson_Diesel_Automatique_2023_à_Marrakech_57633825.htm,Hyundai Tucson Diesel Automatique 2023 à Marrakech,276000 DH,2023,130000,Diesel,Automatique,N/A,N/A
https://www.avito.ma/fr/hay_el_fath/voitures_d_occasion/Dacia_Sandero_Diesel_Manuelle_2025_à_Rabat_57583917.htm,Dacia Sandero Diesel Manuelle 2025 à Rabat,146000 DH,2025,38000,Diesel,Manuelle,N/A,N/A
https://www.avito.ma/fr/autre_secteur/voitures_d_occasion/KIA___CITROËN_C3_57796441.htm,KIA - CITROËN C3,155000 DH,2021,43000,Diesel,Manuelle,N/A,N/A
https://www.avito.ma/fr/sidi_bouzekri/voitures_d_occasion/Alfa_Romeo__élégante__bon_marché_et_économique_57772664.htm,"Alfa Romeo, élégante, bon marché et économique",108000 DH,2011,210000,Diesel,Manuelle,N/A,N/A
https://www.avito.ma/fr/autre_secteur/voitures_d_occasion/Peugeot_3008_Allure_Noire_Meknès_57582460.htm,Peugeot 3008 Allure Noire Meknès,0 DH,2023,90000,Diesel,Automatique,N/A,N/A
https://www.avito.ma/fr/maarif/voitures_d_occasion/BMW_Série_7_Diesel_Automatique_2016_à_Casablanca_57697652.htm,BMW Série 7 Diesel Automatique 2016 à Casablanca,0 DH,2016,135000,Diesel,Automatique,N/A,N/A
https://www.avito.ma/fr/val_fleuri/voitures_d_occasion/Mercedes_Benz_C250_première_main_56779142.htm,Mercedes Benz C250 première main,0 DH,2017,82000,Diesel,Automatique,N/A,N/A
https://www.avito.ma/fr/ain_el_hayani/voitures_d_occasion/MERCEDES_GLE_350de_2022_52702209.htm,MERCEDES GLE 350de 2022,0 DH,2022,67000,Hybride,Automatique,N/A,N/A
https://www.avito.ma/fr/maarif/voitures_d_occasion/Volkswagen_ID_4_Électrique_Automatique_2025_56962948.htm,Volkswagen ID.4 Électrique Automatique 2025,0 DH,2025,0,Electrique,Automatique,N/A,N/A
https://www.avito.ma/fr/agdal/voitures_d_occasion/BELLE_SUBARU_LEGACY_REPRISE_OK_56823822.htm,BELLE SUBARU LEGACY REPRISE OK,90000 DH,2012,170000,Essence,Automatique,N/A,N/A
https://www.avito.ma/fr/settat/voitures_d_occasion/Daihatsu_Sirion_Essence_Manuelle_2008_à_Settat_57795555.htm,Daihatsu Sirion Essence Manuelle 2008 à Settat,48000 DH,2008,132000,Essence,Manuelle,N/A,DESCRIPTION
https://www.avito.ma/fr/settat/voitures_d_occasion/Caddy_Edition35_VW_2L_57796122.htm,Voitures d'occasion    à vendre au  Maroc : 100012 annonces,N/A,N/A,km km,Diesel Essence Electrique LPG Hybride,Automatique Manuelle,CHOISIR  - MODÈLE CHEVRONRIGHT ICON,CHOISIR MARQUE -  CHEVRONRIGHT ICON
https://www.avito.ma/fr/autre_secteur/voitures_d_occasion/Mercedes_Classe_A_180_57796361.htm,Mercedes Classe A-180,0 DH,2007,330000,Diesel,Manuelle,N/A,N/A
https://www.avito.ma/fr/el_houda/voitures_d_occasion/Hyundai_Accent_Diesel_Automatique_2021_à_Agadir_57413844.htm,Hyundai Accent Diesel Automatique 2021 à Agadir,0 DH,2021,80000,Diesel,Automatique,N/A,N/A
https://www.avito.ma/fr/aïn_chock/voitures_d_occasion/Volkswagen_Golf_7_GTD_Diesel_Automatique_2016_57709538.htm,Volkswagen Golf 7 GTD Diesel Automatique 2016,215000 DH,2016,230000,Diesel,Automatique,N/A,N/A
https://www.avito.ma/fr/2_mars/voitures_d_occasion/Audi_A3_BVA_peinture_d_origine_comme_neuf_57621206.htm,Audi A3 BVA peinture d’origine comme neuf,165000 DH,2013,170000,Diesel,Automatique,N/A,N/A
https://www.avito.ma/fr/sidi_bouzekri/voitures_d_occasion/Ford__papiers_pas_chers_57731576.htm,"Ford, papiers pas chers",78000 DH,2014,195000,Essence,Manuelle,N/A,N/A
https://www.avito.ma/fr/les_portes_de_marrakech/voitures_d_occasion/El_Massira_Marrakech_57709445.htm,El Massira Marrakech,175000 DH,2018,170000,Diesel,Automatique,N/A,N/A
https://www.avito.ma/fr/quartier_du_soleil/voitures_d_occasion/Express_6_portes_57481330.htm,Express 6 portes,160000 DH,2022,98000,Diesel,Manuelle,N/A,N/A
https://www.avito.ma/fr/oasis/voitures_d_occasion/AUDI_Q8_Diesel_Automatique_2021_55845861.htm,AUDI Q8 Diesel Automatique 2021,670000 DH,2021,86000,Diesel,Automatique,N/A,N/A
https://www.avito.ma/fr/autre_secteur/voitures_d_occasion/Fiat_Tipo_Street_Diesel_Accidentée_57492007.htm,Fiat Tipo Street Diesel Accidentée,105000 DH,2025,15000,Diesel,Manuelle,N/A,N/A
https://www.avito.ma/fr/tanger/voitures_d_occasion/Dacia_Logan_Diesel_Manuelle_2024_à_Tanger_57796283.htm,Dacia Logan Diesel Manuelle 2024 à Tanger,153000 DH,2024,22500,Diesel,Manuelle,N/A,N/A
https://www.avito.ma/fr/aïn_chock/voitures_d_occasion/OPEL_ANTARA_1er_main____DD_2018_49336435.htm,OPEL ANTARA 1er main ✋️ DD 2018,108000 DH,2014,200000,Diesel,Manuelle,N/A,N/A
https://www.avito.ma/fr/autre_secteur/voitures_d_occasion/Renault_Talisman_6cv_Automatique_2017_57624994.htm,Renault Talisman 6cv Automatique 2017,177000 DH,2017,155000,Diesel,Automatique,N/A,N/A
https://www.avito.ma/fr/ouarzazate/voitures_d_occasion/Volkswagen_golf7_49475819.htm,Volkswagen golf7,178000 DH,2018,190000,Diesel,Manuelle,N/A,N/A
https://www.avito.ma/fr/centre_ville/voitures_d_occasion/Audi_Q3_Sline_Quattro_Diesel_2019_57541025.htm,Audi Q3 Sline Quattro Diesel 2019,0 DH,2019,13000,Diesel,Automatique,N/A,DESCRIPTION
https://www.avito.ma/fr/sidi_maarouf/voitures_d_occasion/Renault_Mégane_Diesel_BVA_Diesel_57436959.htm,Renault Mégane Diesel BVA Diesel,190000 DH,2021,63000,Diesel,Automatique,N/A,N/A
https://www.avito.ma/fr/autre_secteur/voitures_d_occasion/KIA___GEELY_COOLRAY_57796298.htm,KIA - GEELY COOLRAY,235000 DH,2024,35527,Essence,Automatique,N/A,N/A
https://www.avito.ma/fr/hassan/voitures_d_occasion/Volkswagen_Tiguan_Diesel_Automatique_2021_à_Rabat_57792231.htm,Volkswagen Tiguan Diesel Automatique 2021 à Rabat,0 DH,2021,140000,Diesel,Automatique,N/A,N/A
https://www.avito.ma/fr/aïn_chock/voitures_d_occasion/Volkswagen_Tiguan_à_vendre_57770588.htm,Volkswagen Tiguan à vendre,270000 DH,2016,178000,Diesel,Automatique,N/A,DESCRIPTION
https://www.avito.ma/fr/ain_sebaa/voitures_d_occasion/C5_aircross_bon_état_57681733.htm,C5 aircross bon état,230000 DH,2021,128000,Diesel,Automatique,N/A,N/A
https://www.avito.ma/fr/aïn_chock/voitures_d_occasion/Mercedes_glc_300de_56290922.htm,Mercedes glc 300de,0 DH,2026,0,Diesel,Automatique,N/A,N/A
https://www.avito.ma/fr/hay_zaytoun/voitures_d_occasion/Volkswagen_Tiguan_tt_option_57421504.htm,Volkswagen Tiguan tt option,310000 DH,2019,230000,Diesel,Automatique,N/A,N/A
https://www.avito.ma/fr/casablanca/voitures_d_occasion/Hyundai_Accent_Essence_Manuelle_2010_à_Casablanca_57795866.htm,Hyundai Accent Essence Manuelle 2010 à Casablanca,48000 DH,2010,236000,Essence,Manuelle,N/A,N/A
https://www.avito.ma/fr/sidi_maarouf/voitures_d_occasion/Opel_Vectra_2005_Automatique_57796104.htm,Opel Vectra 2005 Automatique,660 DH,2005,163,Diesel,Automatique,N/A,N/A
https://www.avito.ma/fr/lissasfa/voitures_d_occasion/Toyota_RAV_4_Diesel_Automatique_2021_à_Casablanca_57776660.htm,Toyota RAV-4 Diesel Automatique 2021 à Casablanca,245000 DH,2021,102109,Diesel,Automatique,N/A,N/A
https://www.avito.ma/fr/autre_secteur/voitures_d_occasion/KIFAL___DS_DS_4_57742652.htm,KIFAL - DS DS 4,315000 DH,2025,12664,Diesel,Automatique,N/A,N/A
https://www.avito.ma/fr/aïn_chock/voitures_d_occasion/Porsche_Cayenne_Coupé_2022_55667172.htm,Porsche Cayenne Coupé 2022,0 DH,2022,60000,Diesel,Automatique,N/A,N/A
https://www.avito.ma/fr/autre_secteur/voitures_d_occasion/Renault_Clio_57626163.htm,Renault Clio,0 DH,2024,44593,Diesel,Automatique,N/A,N/A
https://www.avito.ma/fr/autre_secteur/voitures_d_occasion/Hyundai_Tucson_modèle_2022_51022453.htm,Hyundai Tucson modèle 2022,0 DH,2022,100000,Diesel,Automatique,N/A,
https://www.avito.ma/fr/bourgogne/voitures_d_occasion/Jeep_Cherokee_Diesel_Limited_2021_1er_Main_57745870.htm,Jeep Cherokee Diesel Limited 2021 1er Main,235000 DH,2021,78000,Diesel,Automatique,N/A,N/A
https://www.avito.ma/fr/aïn_chock/voitures_d_occasion/Kia_Soul_2017_54757574.htm,Kia Soul 2017,122000 DH,2017,190000,Diesel,Manuelle,N/A,N/A
https://www.avito.ma/fr/centre/voitures_d_occasion/Porsche_Cayenne_Hybride_2026_57271218.htm,Porsche Cayenne Hybride 2026,0 DH,2026,0,Hybride,Automatique,N/A,N/A
https://www.avito.ma/fr/hamria/voitures_d_occasion/Peugeot_2008_modèle_2022_57490505.htm,Peugeot 2008 modèle 2022,220000 DH,2022,70,Diesel,Automatique,N/A,
https://www.avito.ma/fr/centre/voitures_d_occasion/Volkswagen_Tiguan_2020_BVA_57766155.htm,Volkswagen Tiguan 2020 BVA,245000 DH,2020,180000,Diesel,Automatique,N/A,N/A
https://www.avito.ma/fr/casablanca/voitures_d_occasion/Ford_Mustang_Essence_Automatique_2017_57651922.htm,Ford Mustang Essence Automatique 2017,340000 DH,2017,97837,Essence,Automatique,N/A,N/A
https://www.avito.ma/fr/ain_sebaa/voitures_d_occasion/Opel_Mokka_1_5_D_110_Edition_55712563.htm,Opel Mokka 1.5 D 110 Edition,234000 DH,2023,10000,Diesel,Manuelle,N/A,N/A
https://www.avito.ma/fr/ancienne_médina/voitures_d_occasion/Classe_A_Diesel_BVA_2013_avec_142k_km_d_origine_57625271.htm,Classe A Diesel BVA 2013 avec 142k km d’origine,163000 DH,2013,143000,Diesel,Automatique,N/A,N/A
https://www.avito.ma/fr/aïn_chock/voitures_d_occasion/Kia_Optima_2018_57795973.htm,Kia Optima 2018,150000 DH,2018,110000,Diesel,Automatique,N/A,DESCRIPTION
https://www.avito.ma/fr/sala_el_jadida/voitures_d_occasion/Hyundai_accent_diesel_automatique_2021_à_Salé_57383995.htm,Hyundai accent diesel automatique 2021 à Salé,0 DH,2021,76000,Diesel,Automatique,N/A,N/A
https://www.avito.ma/fr/hivernage/voitures_d_occasion/Mercedes_Benz_Classe_SL_Essence_Automatique_1989_57760745.htm,Mercedes-Benz Classe SL Essence Automatique 1989,380000 DH,1989,32000,Essence,Automatique,N/A,N/A
https://www.avito.ma/fr/californie/voitures_d_occasion/Bentley_Continental_Flying_spur_full_options_2009_57536009.htm,Bentley Continental Flying spur full options 2009,0 DH,2009,140000,Essence,Automatique,N/A,N/A
https://www.avito.ma/fr/boustane/voitures_d_occasion/Audi_Q8_Diesel_Automatique_2025_à_Oujda_57682401.htm,Audi Q8 Diesel Automatique 2025 à Oujda,0 DH,2025,20000,Diesel,Automatique,N/A,N/A
https://www.avito.ma/fr/marjane_2/voitures_d_occasion/Jetta_automatique_2020_57795779.htm,Jetta automatique 2020,190000 DH,2020,135000,Diesel,Automatique,N/A,N/A
https://www.avito.ma/fr/hay_el_fath/voitures_d_occasion/MERCEDES_E270_CDI_AVANTGARDE_57567536.htm,MERCEDES E270 CDI AVANTGARDE,0 DH,2002,179000,Diesel,Automatique,N/A,N/A
https://www.avito.ma/fr/sala_el_jadida/voitures_d_occasion/Peugeot_208_Diesel_2025_57787024.htm,Peugeot 208 Diesel 2025,182000 DH,2025,7000,Diesel,Manuelle,N/A,N/A
https://www.avito.ma/fr/sala_el_jadida/voitures_d_occasion/VOLKSWAGEN_Tiguan_DSG_4x4_Carat_Pack_Azur_57756976.htm,VOLKSWAGEN Tiguan DSG 4x4 Carat Pack Azur,0 DH,2019,77000,Diesel,Automatique,N/A,N/A
https://www.avito.ma/fr/bouskoura_centre/voitures_d_occasion/Honda_Accord_hybride_57573889.htm,Honda Accord hybride,275000 DH,2021,85000,Hybride,Automatique,N/A,N/A
https://www.avito.ma/fr/autre_secteur/voitures_d_occasion/Audi_Q2_modèle_2018_53808312.htm,Audi Q2 modèle 2018,0 DH,2018,140000,Diesel,Automatique,N/A,
https://www.avito.ma/fr/centre_ville/voitures_d_occasion/TOYOTA_LAND_CRUISER_PRADO_57641772.htm,TOYOTA LAND CRUISER PRADO,220000 DH,2013,270000,Diesel,Automatique,N/A,DESCRIPTION
https://www.avito.ma/fr/inzegan/voitures_d_occasion/Je_mets_en_vente_une_voiture_très_bon_état_57685808.htm,Je mets en vente une voiture très bon état,200000 DH,2021,139,Diesel,Manuelle,N/A,DESCRIPTION
https://www.avito.ma/fr/jawhara/voitures_d_occasion/BMW_Série_5_diesel_automatique_2022_57609582.htm,BMW Série 5 diesel automatique 2022,0 DH,2022,70000,Diesel,Automatique,N/A,N/A
https://www.avito.ma/fr/centre_ville/voitures_d_occasion/Land_Rover_Range_Rover_Sport_Diesel_Automatique_57294683.htm,Land Rover Range Rover Sport Diesel Automatique,0 DH,2021,120000,Diesel,Automatique,N/A,N/A
https://www.avito.ma/fr/bourgogne/voitures_d_occasion/Audi_Q8_2021_30000_km_53539491.htm,Audi Q8 2021 30000 km,0 DH,2021,30000,Diesel,Automatique,N/A,N/A
https://www.avito.ma/fr/larache/voitures_d_occasion/AUTO_HAMID_LARACHE___Vente___Achat___Reprise___56465567.htm,AUTO HAMID LARACHE ( Vente - Achat - Reprise ),0 DH,2025,0,Diesel,Automatique,N/A,N/A
https://www.avito.ma/fr/centre_ville/voitures_d_occasion/BMW_Série_1_Diesel_Manuelle_2015_à_Marrakech_57761017.htm,BMW Série 1 Diesel Manuelle 2015 à Marrakech,0 DH,2015,170000,Diesel,Manuelle,N/A,N/A
https://www.avito.ma/fr/californie/voitures_d_occasion/Mercedes_Benz_Classe_C_220_2024_Pack_AMG_54954140.htm,Mercedes Benz Classe C 220 2024 Pack AMG,640000 DH,2024,18000,Diesel,Automatique,N/A,N/A
https://www.avito.ma/fr/autre_secteur/voitures_d_occasion/BMW_Série_1_Diesel_Automatique_2021_à_Marrakech_57145160.htm,BMW Série 1 Diesel Automatique 2021 à Marrakech,0 DH,2021,75000,Diesel,Automatique,N/A,N/A
https://www.avito.ma/fr/autre_secteur/voitures_d_occasion/Audi_Q3_sportback_2020_54978546.htm,Audi Q3 sportback 2020,0 DH,2020,150000,Diesel,Automatique,N/A,N/A
https://www.avito.ma/fr/maarif/voitures_d_occasion/911_TARGA_4_GTS_CARBON_DESIGN__Véhicule_Neuf_2026__57125830.htm,911 TARGA 4 GTS CARBON DESIGN (Véhicule Neuf 2026),0 DH,2026,0,Essence,Automatique,N/A,N/A
https://www.avito.ma/fr/maarif/voitures_d_occasion/Mercedes_Benz_Classe_C220_Park_AMG_57768479.htm,Mercedes-Benz Classe C220 Park AMG,610000 DH,2025,19000,Diesel,Automatique,N/A,N/A
https://www.avito.ma/fr/essaouira/voitures_d_occasion/Ford_Fiesta_57560939.htm,Ford Fiesta,102000 DH,2017,170,Diesel,Manuelle,N/A,N/A
https://www.avito.ma/fr/boustane/voitures_d_occasion/Porsche_Cayenne_Hybride_Automatique_2026_à_Oujda_57663882.htm,Porsche Cayenne Hybride Automatique 2026 à Oujda,0 DH,2026,0,Hybride,Automatique,N/A,N/A
https://www.avito.ma/fr/autre_secteur/voitures_d_occasion/Qashqia_lmlih_57160927.htm,Qashqia lmlih,0 DH,2017,210000,Diesel,Manuelle,N/A,N/A
https://www.avito.ma/fr/centre_ville/voitures_d_occasion/MERCEDES_c220_PACK_AMG_54902639.htm,MERCEDES c220 PACK AMG,265000 DH,2014,216000,Diesel,Automatique,N/A,N/A
https://www.avito.ma/fr/hay_el_boughaz/voitures_d_occasion/Volkswagen_Caddy_57693234.htm,Volkswagen Caddy,0 DH,2021,140000,Diesel,Automatique,N/A,N/A
https://www.avito.ma/fr/hay_saada/voitures_d_occasion/Clio_4_automatique_57795812.htm,Clio 4 automatique,134000 DH,2020,140,Diesel,Automatique,N/A,N/A
https://www.avito.ma/fr/ben_m_sick/voitures_d_occasion/Nissan_Micra_2021_Accenta_57690779.htm,Nissan Micra 2021 Accenta,0 DH,2021,70000,Diesel,Manuelle,N/A,N/A
https://www.avito.ma/fr/californie/voitures_d_occasion/HYUNDAI_Tucson_1_6_CRDi_134_AT_Prestige_2022_57735103.htm,HYUNDAI Tucson 1.6 CRDi 134 AT Prestige 2022,255000 DH,2022,76000,Diesel,Automatique,N/A,N/A
https://www.avito.ma/fr/anfa/voitures_d_occasion/BMW_X3_Pack_M_toit_panoramique_fin_2020_57193039.htm,BMW X3 Pack M toit panoramique fin 2020,0 DH,2020,120000,Diesel,Automatique,N/A,N/A
https://www.avito.ma/fr/bourgogne/voitures_d_occasion/Porsche_Panamera_TURBO_V8_2017_comme_neuve_57417289.htm,Porsche Panamera TURBO V8 2017 comme neuve,645000 DH,2017,98000,Essence,Automatique,N/A,N/A
https://www.avito.ma/fr/larache/voitures_d_occasion/Audi_Q5_SLINE_Quattro_Diesel_Automatique_2017_57772312.htm,Audi Q5 SLINE Quattro Diesel Automatique 2017,410000 DH,2017,130000,Diesel,Automatique,N/A,N/A
https://www.avito.ma/fr/hay_zaytoun/voitures_d_occasion/Renault_Clio_4_tt_option_57226104.htm,Renault Clio 4 tt option,130000 DH,2017,180,Diesel,Automatique,N/A,DESCRIPTION
https://www.avito.ma/fr/hay_riad/voitures_d_occasion/VOLKSWAGEN_Tiguan_2_0_TDI_150_DSG_R_Line_57549514.htm,VOLKSWAGEN Tiguan 2.0 TDI 150 DSG R-Line,0 DH,2026,10000,Diesel,Automatique,N/A,N/A
https://www.avito.ma/fr/settat/voitures_d_occasion/Audi_Q2_Diesel_Automatique_2020_à_Settat_57170358.htm,Audi Q2 Diesel Automatique 2020 à Settat,0 DH,2020,110000,Diesel,Automatique,N/A,DESCRIPTION
https://www.avito.ma/fr/aïn_chock/voitures_d_occasion/Mercedes_classe_Gle_350de_52374715.htm,Mercedes classe Gle 350de,0 DH,2024,30000,Diesel,Automatique,N/A,N/A
https://www.avito.ma/fr/yacoub_el_mansour/voitures_d_occasion/Mercedes_Benz_Classe_GLC_300_D_à_Rabat_57609478.htm,Mercedes-Benz Classe GLC 300 D à Rabat,0 DH,2020,130000,Diesel,Automatique,N/A,N/A
https://www.avito.ma/fr/centre/voitures_d_occasion/Clio_5_Rs_Line_57796601.htm,Clio 5 Rs Line,18600 DH,2022,67,Diesel,Manuelle,N/A,N/A
https://www.avito.ma/fr/tilila/voitures_d_occasion/Toyota_Corolla_diesel__clim__possible_échange_57188734.htm,"Toyota Corolla diesel, clim, possible échange",55000 DH,2004,170000,Diesel,Manuelle,N/A,N/A
https://www.avito.ma/fr/les_cretes/voitures_d_occasion/Range_Rover_Sport_Autobiographie_57196888.htm,Range Rover Sport Autobiographie,560000 DH,2019,149000,Diesel,Automatique,N/A,N/A
https://www.avito.ma/fr/anfa/voitures_d_occasion/Peugeot_3008_6ch_automatiq_dédouané_2022_57796070.htm,Peugeot 3008 6ch automatiq dédouané 2022,139000 DH,2013,216000,Diesel,Automatique,N/A,N/A
https://www.avito.ma/fr/centre_ville/voitures_d_occasion/Volkswagen_Taigo_Essence_Automatique_2026_à_Tanger_57479484.htm,Volkswagen Taigo Essence Automatique 2026 à Tanger,0 DH,2026,0,Essence,Automatique,N/A,N/A
https://www.avito.ma/fr/aïn_borja/voitures_d_occasion/Ford_Fiesta_57478446.htm,Ford Fiesta,98000 DH,2018,120000,Essence,Manuelle,N/A,N/A
https://www.avito.ma/fr/val_fleuri/voitures_d_occasion/Hyundai_Tucson_Hybride_Luxe___DERKAOUI_AUTO_49373746.htm,Hyundai Tucson Hybride Luxe - DERKAOUI AUTO,325000 DH,2023,30000,Hybride,Automatique,N/A,N/A
https://www.avito.ma/fr/californie/voitures_d_occasion/Volkswagen_Golf_8_Diesel_Automatique_2022_57796629.htm,Volkswagen Golf 8 Diesel Automatique 2022,369000 DH,2022,110,Diesel,Automatique,N/A,N/A
https://www.avito.ma/fr/aïn_borja/voitures_d_occasion/Mercedes_Benz_Vito_Diesel_Manuelle_2022_57792130.htm,Mercedes-Benz Vito Diesel Manuelle 2022,0 DH,2022,187000,Diesel,Manuelle,N/A,N/A
https://www.avito.ma/fr/zerhounia/voitures_d_occasion/SEAT_ATECA_M_2019_D_11_2025_57093837.htm,SEAT ATECA M 2019 D 11/2025,0 DH,2019,156000,Diesel,Automatique,N/A,N/A
https://www.avito.ma/fr/yacoub_el_mansour/voitures_d_occasion/Skoda_Kodiaq_2021_57737308.htm,Skoda Kodiaq 2021,280000 DH,2021,135000,Diesel,Automatique,N/A,N/A
https://www.avito.ma/fr/aviation/voitures_d_occasion/Peugeot_308_OXYGO_1_6_HDi_56667309.htm,Peugeot 308 OXYGO 1.6 HDi,87000 DH,2009,200000,Diesel,Manuelle,N/A,N/A
https://www.avito.ma/fr/aïn_diab/voitures_d_occasion/Peugeot_3008_Diesel_Automatique_2018_à_Casablanca_57782538.htm,Peugeot 3008 Diesel Automatique 2018 à Casablanca,210000 DH,2018,100000,Diesel,Automatique,N/A,N/A
https://www.avito.ma/fr/maarif/voitures_d_occasion/Mercedes_Benz_Classe_GLE_400_Diesel_56823247.htm,Mercedes-Benz Classe GLE 400 Diesel,950000 DH,2023,13400,Diesel,Automatique,N/A,N/A
